x,sex,indicator,l,m,s,source
0.00000000,MALE,HEIGHT_FOR_AGE,1.00000000,49.88420000,0.03795000,WHO2006
0.00000000,FEMALE,HEIGHT_FOR_AGE,1.00000000,49.14770000,0.03790000,WHO2006
0.00000000,MALE,WEIGHT_FOR_AGE,0.34870000,3.34640000,0.14602000,WHO2006
0.00000000,FEMALE,WEIGHT_FOR_AGE,0.38090000,3.23220000,0.14171000,WHO2006
0.00000000,MALE,BMI_FOR_AGE,-0.30530000,13.40690000,0.09560000,WHO2006
0.00000000,FEMALE,BMI_FOR_AGE,-0.06310000,13.33630000,0.09272000,WHO2006
0.22997947,MALE,HEIGHT_FOR_AGE,1.00000000,51.11520000,0.03723000,WHO2006
0.22997947,FEMALE,HEIGHT_FOR_AGE,1.00000000,50.32980000,0.03742000,WHO2006
0.22997947,MALE,WEIGHT_FOR_AGE,0.27760000,3.48790000,0.14483000,WHO2006
0.22997947,FEMALE,WEIGHT_FOR_AGE,0.26710000,3.33880000,0.14600000,WHO2006
0.22997947,MALE,BMI_FOR_AGE,0.52470000,13.34210000,0.09821000,WHO2006
0.22997947,FEMALE,BMI_FOR_AGE,0.63190000,13.21130000,0.09887000,WHO2006
0.45995893,MALE,HEIGHT_FOR_AGE,1.00000000,52.34610000,0.03652000,WHO2006
0.45995893,FEMALE,HEIGHT_FOR_AGE,1.00000000,51.51200000,0.03694000,WHO2006
0.45995893,MALE,WEIGHT_FOR_AGE,0.25810000,3.75290000,0.14142000,WHO2006
0.45995893,FEMALE,WEIGHT_FOR_AGE,0.23040000,3.56930000,0.14339000,WHO2006
0.45995893,MALE,BMI_FOR_AGE,0.41770000,13.63770000,0.09454000,WHO2006
0.45995893,FEMALE,BMI_FOR_AGE,0.50820000,13.45010000,0.09741000,WHO2006
0.68993840,MALE,HEIGHT_FOR_AGE,1.00000000,53.39050000,0.03609000,WHO2006
0.68993840,FEMALE,HEIGHT_FOR_AGE,1.00000000,52.46950000,0.03669000,WHO2006
0.68993840,MALE,WEIGHT_FOR_AGE,0.24420000,4.06030000,0.13807000,WHO2006
0.68993840,FEMALE,WEIGHT_FOR_AGE,0.20240000,3.83520000,0.14060000,WHO2006
0.68993840,MALE,BMI_FOR_AGE,0.34490000,14.22410000,0.09230000,WHO2006
0.68993840,FEMALE,BMI_FOR_AGE,0.42630000,13.95050000,0.09647000,WHO2006
0.91991786,MALE,HEIGHT_FOR_AGE,1.00000000,54.38810000,0.03570000,WHO2006
0.91991786,FEMALE,HEIGHT_FOR_AGE,1.00000000,53.38090000,0.03647000,WHO2006
0.91991786,MALE,WEIGHT_FOR_AGE,0.23310000,4.36710000,0.13497000,WHO2006
0.91991786,FEMALE,WEIGHT_FOR_AGE,0.17890000,4.09870000,0.13805000,WHO2006
0.91991786,MALE,BMI_FOR_AGE,0.28810000,14.77140000,0.09072000,WHO2006
0.91991786,FEMALE,BMI_FOR_AGE,0.36370000,14.42080000,0.09577000,WHO2006
1.00000000,MALE,HEIGHT_FOR_AGE,1.00000000,54.72440000,0.03557000,WHO2006
1.00000000,FEMALE,HEIGHT_FOR_AGE,1.00000000,53.68720000,0.03640000,WHO2006
1.00000000,MALE,WEIGHT_FOR_AGE,0.22970000,4.47090000,0.13395000,WHO2006
1.00000000,FEMALE,WEIGHT_FOR_AGE,0.17140000,4.18730000,0.13724000,WHO2006
1.00000000,MALE,BMI_FOR_AGE,0.27080000,14.94410000,0.09027000,WHO2006
1.00000000,FEMALE,BMI_FOR_AGE,0.34480000,14.56790000,0.09556000,WHO2006
1.14989733,MALE,HEIGHT_FOR_AGE,1.00000000,55.33740000,0.03534000,WHO2006
1.14989733,FEMALE,HEIGHT_FOR_AGE,1.00000000,54.24540000,0.03627000,WHO2006
1.14989733,MALE,WEIGHT_FOR_AGE,0.22370000,4.65900000,0.13215000,WHO2006
1.14989733,FEMALE,WEIGHT_FOR_AGE,0.15820000,4.34760000,0.13583000,WHO2006
1.14989733,MALE,BMI_FOR_AGE,0.24090000,15.23550000,0.08953000,WHO2006
1.14989733,FEMALE,BMI_FOR_AGE,0.31240000,14.81570000,0.09520000,WHO2006
1.37987680,MALE,HEIGHT_FOR_AGE,1.00000000,56.23570000,0.03501000,WHO2006
1.37987680,FEMALE,HEIGHT_FOR_AGE,1.00000000,55.06420000,0.03609000,WHO2006
1.37987680,MALE,WEIGHT_FOR_AGE,0.21550000,4.93030000,0.12960000,WHO2006
1.37987680,FEMALE,WEIGHT_FOR_AGE,0.13950000,4.57930000,0.13392000,WHO2006
1.37987680,MALE,BMI_FOR_AGE,0.20030000,15.61070000,0.08859000,WHO2006
1.37987680,FEMALE,BMI_FOR_AGE,0.26880000,15.13800000,0.09472000,WHO2006
1.60985626,MALE,HEIGHT_FOR_AGE,1.00000000,57.08510000,0.03470000,WHO2006
1.60985626,FEMALE,HEIGHT_FOR_AGE,1.00000000,55.84060000,0.03593000,WHO2006
1.60985626,MALE,WEIGHT_FOR_AGE,0.20810000,5.18170000,0.12729000,WHO2006
1.60985626,FEMALE,WEIGHT_FOR_AGE,0.12240000,4.79500000,0.13228000,WHO2006
1.60985626,MALE,BMI_FOR_AGE,0.16450000,15.91690000,0.08782000,WHO2006
1.60985626,FEMALE,BMI_FOR_AGE,0.23060000,15.40630000,0.09431000,WHO2006
1.83983573,MALE,HEIGHT_FOR_AGE,1.00000000,57.88890000,0.03442000,WHO2006
1.83983573,FEMALE,HEIGHT_FOR_AGE,1.00000000,56.57670000,0.03578000,WHO2006
1.83983573,MALE,WEIGHT_FOR_AGE,0.20140000,5.41490000,0.12520000,WHO2006
1.83983573,FEMALE,WEIGHT_FOR_AGE,0.10650000,4.99590000,0.13087000,WHO2006
1.83983573,MALE,BMI_FOR_AGE,0.13240000,16.16980000,0.08717000,WHO2006
1.83983573,FEMALE,BMI_FOR_AGE,0.19660000,15.63110000,0.09394000,WHO2006
2.00000000,MALE,HEIGHT_FOR_AGE,1.00000000,58.42490000,0.03424000,WHO2006
2.00000000,FEMALE,HEIGHT_FOR_AGE,1.00000000,57.06730000,0.03568000,WHO2006
2.00000000,MALE,WEIGHT_FOR_AGE,0.19700000,5.56750000,0.12385000,WHO2006
2.00000000,FEMALE,WEIGHT_FOR_AGE,0.09620000,5.12820000,0.13000000,WHO2006
2.00000000,MALE,BMI_FOR_AGE,0.11180000,16.31950000,0.08677000,WHO2006
2.00000000,FEMALE,BMI_FOR_AGE,0.17490000,15.76790000,0.09371000,WHO2006
2.06981520,MALE,HEIGHT_FOR_AGE,1.00000000,58.65360000,0.03416000,WHO2006
2.06981520,FEMALE,HEIGHT_FOR_AGE,1.00000000,57.27610000,0.03564000,WHO2006
2.06981520,MALE,WEIGHT_FOR_AGE,0.19520000,5.63190000,0.12330000,WHO2006
2.06981520,FEMALE,WEIGHT_FOR_AGE,0.09180000,5.18420000,0.12966000,WHO2006
2.06981520,MALE,BMI_FOR_AGE,0.10320000,16.37870000,0.08661000,WHO2006
2.06981520,FEMALE,BMI_FOR_AGE,0.16580000,15.82320000,0.09361000,WHO2006
2.29979466,MALE,HEIGHT_FOR_AGE,1.00000000,59.38720000,0.03392000,WHO2006
2.29979466,FEMALE,HEIGHT_FOR_AGE,1.00000000,57.94360000,0.03552000,WHO2006
2.29979466,MALE,WEIGHT_FOR_AGE,0.18940000,5.83460000,0.12157000,WHO2006
2.29979466,FEMALE,WEIGHT_FOR_AGE,0.07790000,5.36180000,0.12861000,WHO2006
2.29979466,MALE,BMI_FOR_AGE,0.07660000,16.54940000,0.08612000,WHO2006
2.29979466,FEMALE,BMI_FOR_AGE,0.13770000,15.98740000,0.09332000,WHO2006
2.52977413,MALE,HEIGHT_FOR_AGE,1.00000000,60.08940000,0.03369000,WHO2006
2.52977413,FEMALE,HEIGHT_FOR_AGE,1.00000000,58.58160000,0.03540000,WHO2006
2.52977413,MALE,WEIGHT_FOR_AGE,0.18400000,6.02420000,0.12001000,WHO2006
2.52977413,FEMALE,WEIGHT_FOR_AGE,0.06480000,5.52950000,0.12770000,WHO2006
2.52977413,MALE,BMI_FOR_AGE,0.05200000,16.68820000,0.08569000,WHO2006
2.52977413,FEMALE,BMI_FOR_AGE,0.11180000,16.12770000,0.09304000,WHO2006
2.75975359,MALE,HEIGHT_FOR_AGE,1.00000000,60.76050000,0.03348000,WHO2006
2.75975359,FEMALE,HEIGHT_FOR_AGE,1.00000000,59.19220000,0.03530000,WHO2006
2.75975359,MALE,WEIGHT_FOR_AGE,0.17890000,6.20190000,0.11860000,WHO2006
2.75975359,FEMALE,WEIGHT_FOR_AGE,0.05250000,5.68830000,0.12691000,WHO2006
2.75975359,MALE,BMI_FOR_AGE,0.02910000,16.80160000,0.08531000,WHO2006
2.75975359,FEMALE,BMI_FOR_AGE,0.08770000,16.24850000,0.09279000,WHO2006
2.98973306,MALE,HEIGHT_FOR_AGE,1.00000000,61.40130000,0.03329000,WHO2006
2.98973306,FEMALE,HEIGHT_FOR_AGE,1.00000000,59.77730000,0.03520000,WHO2006
2.98973306,MALE,WEIGHT_FOR_AGE,0.17400000,6.36900000,0.11732000,WHO2006
2.98973306,FEMALE,WEIGHT_FOR_AGE,0.04070000,5.83930000,0.12622000,WHO2006
2.98973306,MALE,BMI_FOR_AGE,0.00770000,16.89500000,0.08496000,WHO2006
2.98973306,FEMALE,BMI_FOR_AGE,0.06520000,16.35310000,0.09255000,WHO2006
3.00000000,MALE,HEIGHT_FOR_AGE,1.00000000,61.42920000,0.03328000,WHO2006
3.00000000,FEMALE,HEIGHT_FOR_AGE,1.00000000,59.80290000,0.03520000,WHO2006
3.00000000,MALE,WEIGHT_FOR_AGE,0.17380000,6.37620000,0.11727000,WHO2006
3.00000000,FEMALE,WEIGHT_FOR_AGE,0.04020000,5.84580000,0.12619000,WHO2006
3.00000000,MALE,BMI_FOR_AGE,0.00680000,16.89870000,0.08495000,WHO2006
3.00000000,FEMALE,BMI_FOR_AGE,0.06430000,16.35740000,0.09254000,WHO2006
4.00000000,MALE,HEIGHT_FOR_AGE,1.00000000,63.88600000,0.03257000,WHO2006
4.00000000,FEMALE,HEIGHT_FOR_AGE,1.00000000,62.08990000,0.03486000,WHO2006
4.00000000,MALE,WEIGHT_FOR_AGE,0.15530000,7.00230000,0.11316000,WHO2006
4.00000000,FEMALE,WEIGHT_FOR_AGE,-0.00500000,6.42370000,0.12402000,WHO2006
4.00000000,MALE,BMI_FOR_AGE,-0.07270000,17.15790000,0.08378000,WHO2006
4.00000000,FEMALE,BMI_FOR_AGE,-0.01910000,16.67030000,0.09166000,WHO2006
5.00000000,MALE,HEIGHT_FOR_AGE,1.00000000,65.90260000,0.03204000,WHO2006
5.00000000,FEMALE,HEIGHT_FOR_AGE,1.00000000,64.03010000,0.03463000,WHO2006
5.00000000,MALE,WEIGHT_FOR_AGE,0.13950000,7.51050000,0.11080000,WHO2006
5.00000000,FEMALE,WEIGHT_FOR_AGE,-0.04300000,6.89850000,0.12274000,WHO2006
5.00000000,MALE,BMI_FOR_AGE,-0.13700000,17.29190000,0.08296000,WHO2006
5.00000000,FEMALE,BMI_FOR_AGE,-0.08640000,16.83860000,0.09096000,WHO2006
6.00000000,MALE,HEIGHT_FOR_AGE,1.00000000,67.62360000,0.03165000,WHO2006
6.00000000,FEMALE,HEIGHT_FOR_AGE,1.00000000,65.73110000,0.03448000,WHO2006
6.00000000,MALE,WEIGHT_FOR_AGE,0.12570000,7.93400000,0.10958000,WHO2006
6.00000000,FEMALE,WEIGHT_FOR_AGE,-0.07560000,7.29700000,0.12204000,WHO2006
6.00000000,MALE,BMI_FOR_AGE,-0.19130000,17.34220000,0.08234000,WHO2006
6.00000000,FEMALE,BMI_FOR_AGE,-0.14290000,16.90830000,0.09036000,WHO2006
7.00000000,MALE,HEIGHT_FOR_AGE,1.00000000,69.16450000,0.03139000,WHO2006
7.00000000,FEMALE,HEIGHT_FOR_AGE,1.00000000,67.28730000,0.03441000,WHO2006
7.00000000,MALE,WEIGHT_FOR_AGE,0.11340000,8.29700000,0.10902000,WHO2006
7.00000000,FEMALE,WEIGHT_FOR_AGE,-0.10390000,7.64220000,0.12178000,WHO2006
7.00000000,MALE,BMI_FOR_AGE,-0.23850000,17.32880000,0.08183000,WHO2006
7.00000000,FEMALE,BMI_FOR_AGE,-0.19160000,16.90200000,0.08984000,WHO2006
8.00000000,MALE,HEIGHT_FOR_AGE,1.00000000,70.59940000,0.03124000,WHO2006
8.00000000,FEMALE,HEIGHT_FOR_AGE,1.00000000,68.74980000,0.03440000,WHO2006
8.00000000,MALE,WEIGHT_FOR_AGE,0.10210000,8.61510000,0.10882000,WHO2006
8.00000000,FEMALE,WEIGHT_FOR_AGE,-0.12880000,7.94870000,0.12181000,WHO2006
8.00000000,MALE,BMI_FOR_AGE,-0.28020000,17.26470000,0.08140000,WHO2006
8.00000000,FEMALE,BMI_FOR_AGE,-0.23440000,16.84040000,0.08939000,WHO2006
9.00000000,MALE,HEIGHT_FOR_AGE,1.00000000,71.96870000,0.03117000,WHO2006
9.00000000,FEMALE,HEIGHT_FOR_AGE,1.00000000,70.14350000,0.03444000,WHO2006
9.00000000,MALE,WEIGHT_FOR_AGE,0.09170000,8.90140000,0.10881000,WHO2006
9.00000000,FEMALE,WEIGHT_FOR_AGE,-0.15070000,8.22540000,0.12199000,WHO2006
9.00000000,MALE,BMI_FOR_AGE,-0.31760000,17.16620000,0.08102000,WHO2006
9.00000000,FEMALE,BMI_FOR_AGE,-0.27250000,16.74060000,0.08898000,WHO2006
10.00000000,MALE,HEIGHT_FOR_AGE,1.00000000,73.28120000,0.03118000,WHO2006
10.00000000,FEMALE,HEIGHT_FOR_AGE,1.00000000,71.48180000,0.03452000,WHO2006
10.00000000,MALE,WEIGHT_FOR_AGE,0.08200000,9.16490000,0.10891000,WHO2006
10.00000000,FEMALE,WEIGHT_FOR_AGE,-0.17000000,8.48000000,0.12223000,WHO2006
10.00000000,MALE,BMI_FOR_AGE,-0.35160000,17.04880000,0.08068000,WHO2006
10.00000000,FEMALE,BMI_FOR_AGE,-0.30680000,16.61840000,0.08861000,WHO2006
11.00000000,MALE,HEIGHT_FOR_AGE,1.00000000,74.53880000,0.03125000,WHO2006
11.00000000,FEMALE,HEIGHT_FOR_AGE,1.00000000,72.77100000,0.03464000,WHO2006
11.00000000,MALE,WEIGHT_FOR_AGE,0.07300000,9.41220000,0.10906000,WHO2006
11.00000000,FEMALE,WEIGHT_FOR_AGE,-0.18720000,8.71920000,0.12247000,WHO2006
11.00000000,MALE,BMI_FOR_AGE,-0.38280000,16.92390000,0.08037000,WHO2006
11.00000000,FEMALE,BMI_FOR_AGE,-0.33810000,16.48750000,0.08828000,WHO2006
12.00000000,MALE,HEIGHT_FOR_AGE,1.00000000,75.74880000,0.03137000,WHO2006
12.00000000,FEMALE,HEIGHT_FOR_AGE,1.00000000,74.01500000,0.03479000,WHO2006
12.00000000,MALE,WEIGHT_FOR_AGE,0.06440000,9.64790000,0.10925000,WHO2006
12.00000000,FEMALE,WEIGHT_FOR_AGE,-0.20240000,8.94810000,0.12268000,WHO2006
12.00000000,MALE,BMI_FOR_AGE,-0.41150000,16.79810000,0.08009000,WHO2006
12.00000000,FEMALE,BMI_FOR_AGE,-0.36670000,16.35680000,0.08797000,WHO2006
13.00000000,MALE,HEIGHT_FOR_AGE,1.00000000,76.91860000,0.03154000,WHO2006
13.00000000,FEMALE,HEIGHT_FOR_AGE,1.00000000,75.21760000,0.03496000,WHO2006
13.00000000,MALE,WEIGHT_FOR_AGE,0.05630000,9.87490000,0.10949000,WHO2006
13.00000000,FEMALE,WEIGHT_FOR_AGE,-0.21580000,9.16990000,0.12283000,WHO2006
13.00000000,MALE,BMI_FOR_AGE,-0.43820000,16.67430000,0.07982000,WHO2006
13.00000000,FEMALE,BMI_FOR_AGE,-0.39320000,16.23110000,0.08768000,WHO2006
14.00000000,MALE,HEIGHT_FOR_AGE,1.00000000,78.04970000,0.03174000,WHO2006
14.00000000,FEMALE,HEIGHT_FOR_AGE,1.00000000,76.38170000,0.03514000,WHO2006
14.00000000,MALE,WEIGHT_FOR_AGE,0.04870000,10.09530000,0.10976000,WHO2006
14.00000000,FEMALE,WEIGHT_FOR_AGE,-0.22780000,9.38700000,0.12294000,WHO2006
14.00000000,MALE,BMI_FOR_AGE,-0.46300000,16.55480000,0.07958000,WHO2006
14.00000000,FEMALE,BMI_FOR_AGE,-0.41770000,16.11280000,0.08741000,WHO2006
15.00000000,MALE,HEIGHT_FOR_AGE,1.00000000,79.14580000,0.03197000,WHO2006
15.00000000,FEMALE,HEIGHT_FOR_AGE,1.00000000,77.50990000,0.03534000,WHO2006
15.00000000,MALE,WEIGHT_FOR_AGE,0.04130000,10.31080000,0.11007000,WHO2006
15.00000000,FEMALE,WEIGHT_FOR_AGE,-0.23840000,9.60080000,0.12299000,WHO2006
15.00000000,MALE,BMI_FOR_AGE,-0.48630000,16.44090000,0.07935000,WHO2006
15.00000000,FEMALE,BMI_FOR_AGE,-0.44070000,16.00280000,0.08716000,WHO2006
16.00000000,MALE,HEIGHT_FOR_AGE,1.00000000,80.21130000,0.03222000,WHO2006
16.00000000,FEMALE,HEIGHT_FOR_AGE,1.00000000,78.60550000,0.03555000,WHO2006
16.00000000,MALE,WEIGHT_FOR_AGE,0.03430000,10.52280000,0.11041000,WHO2006
16.00000000,FEMALE,WEIGHT_FOR_AGE,-0.24780000,9.81240000,0.12303000,WHO2006
16.00000000,MALE,BMI_FOR_AGE,-0.50820000,16.33350000,0.07913000,WHO2006
16.00000000,FEMALE,BMI_FOR_AGE,-0.46230000,15.90170000,0.08693000,WHO2006
17.00000000,MALE,HEIGHT_FOR_AGE,1.00000000,81.24870000,0.03250000,WHO2006
17.00000000,FEMALE,HEIGHT_FOR_AGE,1.00000000,79.67100000,0.03576000,WHO2006
17.00000000,MALE,WEIGHT_FOR_AGE,0.02750000,10.73190000,0.11079000,WHO2006
17.00000000,FEMALE,WEIGHT_FOR_AGE,-0.25620000,10.02260000,0.12306000,WHO2006
17.00000000,MALE,BMI_FOR_AGE,-0.52890000,16.23290000,0.07892000,WHO2006
17.00000000,FEMALE,BMI_FOR_AGE,-0.48250000,15.80960000,0.08671000,WHO2006
18.00000000,MALE,HEIGHT_FOR_AGE,1.00000000,82.25870000,0.03279000,WHO2006
18.00000000,FEMALE,HEIGHT_FOR_AGE,1.00000000,80.70790000,0.03598000,WHO2006
18.00000000,MALE,WEIGHT_FOR_AGE,0.02110000,10.93850000,0.11119000,WHO2006
18.00000000,FEMALE,WEIGHT_FOR_AGE,-0.26370000,10.23150000,0.12309000,WHO2006
18.00000000,MALE,BMI_FOR_AGE,-0.54840000,16.13920000,0.07873000,WHO2006
18.00000000,FEMALE,BMI_FOR_AGE,-0.50170000,15.72630000,0.08650000,WHO2006
19.00000000,MALE,HEIGHT_FOR_AGE,1.00000000,83.24180000,0.03310000,WHO2006
19.00000000,FEMALE,HEIGHT_FOR_AGE,1.00000000,81.71820000,0.03620000,WHO2006
19.00000000,MALE,WEIGHT_FOR_AGE,0.01480000,11.14300000,0.11164000,WHO2006
19.00000000,FEMALE,WEIGHT_FOR_AGE,-0.27030000,10.43930000,0.12315000,WHO2006
19.00000000,MALE,BMI_FOR_AGE,-0.56690000,16.05280000,0.07854000,WHO2006
19.00000000,FEMALE,BMI_FOR_AGE,-0.51990000,15.65170000,0.08630000,WHO2006
20.00000000,MALE,HEIGHT_FOR_AGE,1.00000000,84.19960000,0.03342000,WHO2006
20.00000000,FEMALE,HEIGHT_FOR_AGE,1.00000000,82.70360000,0.03643000,WHO2006
20.00000000,MALE,WEIGHT_FOR_AGE,0.00870000,11.34620000,0.11211000,WHO2006
20.00000000,FEMALE,WEIGHT_FOR_AGE,-0.27620000,10.64640000,0.12323000,WHO2006
20.00000000,MALE,BMI_FOR_AGE,-0.58460000,15.97430000,0.07836000,WHO2006
20.00000000,FEMALE,BMI_FOR_AGE,-0.53720000,15.58550000,0.08612000,WHO2006
21.00000000,MALE,HEIGHT_FOR_AGE,1.00000000,85.13480000,0.03376000,WHO2006
21.00000000,FEMALE,HEIGHT_FOR_AGE,1.00000000,83.66540000,0.03666000,WHO2006
21.00000000,MALE,WEIGHT_FOR_AGE,0.00290000,11.54860000,0.11261000,WHO2006
21.00000000,FEMALE,WEIGHT_FOR_AGE,-0.28150000,10.85340000,0.12335000,WHO2006
21.00000000,MALE,BMI_FOR_AGE,-0.60140000,15.90390000,0.07818000,WHO2006
21.00000000,FEMALE,BMI_FOR_AGE,-0.55370000,15.52780000,0.08594000,WHO2006
22.00000000,MALE,HEIGHT_FOR_AGE,1.00000000,86.04770000,0.03410000,WHO2006
22.00000000,FEMALE,HEIGHT_FOR_AGE,1.00000000,84.60400000,0.03688000,WHO2006
22.00000000,MALE,WEIGHT_FOR_AGE,-0.00280000,11.75040000,0.11314000,WHO2006
22.00000000,FEMALE,WEIGHT_FOR_AGE,-0.28620000,11.06080000,0.12350000,WHO2006
22.00000000,MALE,BMI_FOR_AGE,-0.61740000,15.84120000,0.07802000,WHO2006
22.00000000,FEMALE,BMI_FOR_AGE,-0.56950000,15.47870000,0.08577000,WHO2006
23.00000000,MALE,HEIGHT_FOR_AGE,1.00000000,86.94100000,0.03445000,WHO2006
23.00000000,FEMALE,HEIGHT_FOR_AGE,1.00000000,85.52020000,0.03711000,WHO2006
23.00000000,MALE,WEIGHT_FOR_AGE,-0.00830000,11.95140000,0.11369000,WHO2006
23.00000000,FEMALE,WEIGHT_FOR_AGE,-0.29030000,11.26880000,0.12369000,WHO2006
23.00000000,MALE,BMI_FOR_AGE,-0.63280000,15.78520000,0.07786000,WHO2006
23.00000000,FEMALE,BMI_FOR_AGE,-0.58460000,15.43800000,0.08560000,WHO2006
24.00000000,MALE,HEIGHT_FOR_AGE,1.00000000,87.81610000,0.03479000,WHO2006
24.00000000,FEMALE,HEIGHT_FOR_AGE,1.00000000,86.41530000,0.03734000,WHO2006
24.00000000,MALE,WEIGHT_FOR_AGE,-0.01370000,12.15150000,0.11426000,WHO2006
24.00000000,FEMALE,WEIGHT_FOR_AGE,-0.29410000,11.47750000,0.12390000,WHO2006
24.00000000,MALE,BMI_FOR_AGE,-0.64730000,15.73560000,0.07771000,WHO2006
24.00000000,FEMALE,BMI_FOR_AGE,-0.59890000,15.40520000,0.08545000,WHO2006
24.00000000,MALE,HEIGHT_FOR_AGE,1.00000000,87.11610000,0.03507000,WHO2006
24.00000000,FEMALE,HEIGHT_FOR_AGE,1.00000000,85.71530000,0.03764000,WHO2006
24.00000000,MALE,WEIGHT_FOR_AGE,-0.01370000,12.15150000,0.11426000,WHO2006
24.00000000,FEMALE,WEIGHT_FOR_AGE,-0.29410000,11.47750000,0.12390000,WHO2006
24.00000000,MALE,BMI_FOR_AGE,-0.61870000,16.01890000,0.07785000,WHO2006
24.00000000,FEMALE,BMI_FOR_AGE,-0.56840000,15.68810000,0.08454000,WHO2006
25.00000000,MALE,HEIGHT_FOR_AGE,1.00000000,87.97200000,0.03542000,WHO2006
25.00000000,FEMALE,HEIGHT_FOR_AGE,1.00000000,86.59040000,0.03786000,WHO2006
25.00000000,MALE,WEIGHT_FOR_AGE,-0.01890000,12.35020000,0.11485000,WHO2006
25.00000000,FEMALE,WEIGHT_FOR_AGE,-0.29750000,11.68640000,0.12414000,WHO2006
25.00000000,MALE,BMI_FOR_AGE,-0.58400000,15.98000000,0.07792000,WHO2006
25.00000000,FEMALE,BMI_FOR_AGE,-0.56840000,15.65900000,0.08452000,WHO2006
26.00000000,MALE,HEIGHT_FOR_AGE,1.00000000,88.80650000,0.03576000,WHO2006
26.00000000,FEMALE,HEIGHT_FOR_AGE,1.00000000,87.44620000,0.03808000,WHO2006
26.00000000,MALE,WEIGHT_FOR_AGE,-0.02400000,12.54660000,0.11544000,WHO2006
26.00000000,FEMALE,WEIGHT_FOR_AGE,-0.30050000,11.89470000,0.12441000,WHO2006
26.00000000,MALE,BMI_FOR_AGE,-0.54970000,15.94140000,0.07800000,WHO2006
26.00000000,FEMALE,BMI_FOR_AGE,-0.56840000,15.63080000,0.08449000,WHO2006
27.00000000,MALE,HEIGHT_FOR_AGE,1.00000000,89.61970000,0.03610000,WHO2006
27.00000000,FEMALE,HEIGHT_FOR_AGE,1.00000000,88.28300000,0.03830000,WHO2006
27.00000000,MALE,WEIGHT_FOR_AGE,-0.02890000,12.74010000,0.11604000,WHO2006
27.00000000,FEMALE,WEIGHT_FOR_AGE,-0.30320000,12.10150000,0.12472000,WHO2006
27.00000000,MALE,BMI_FOR_AGE,-0.51660000,15.90360000,0.07808000,WHO2006
27.00000000,FEMALE,BMI_FOR_AGE,-0.56840000,15.60370000,0.08446000,WHO2006
28.00000000,MALE,HEIGHT_FOR_AGE,1.00000000,90.41200000,0.03642000,WHO2006
28.00000000,FEMALE,HEIGHT_FOR_AGE,1.00000000,89.10040000,0.03851000,WHO2006
28.00000000,MALE,WEIGHT_FOR_AGE,-0.03370000,12.93030000,0.11664000,WHO2006
28.00000000,FEMALE,WEIGHT_FOR_AGE,-0.30570000,12.30590000,0.12506000,WHO2006
28.00000000,MALE,BMI_FOR_AGE,-0.48500000,15.86670000,0.07818000,WHO2006
28.00000000,FEMALE,BMI_FOR_AGE,-0.56840000,15.57770000,0.08444000,WHO2006
29.00000000,MALE,HEIGHT_FOR_AGE,1.00000000,91.18280000,0.03674000,WHO2006
29.00000000,FEMALE,HEIGHT_FOR_AGE,1.00000000,89.89910000,0.03872000,WHO2006
29.00000000,MALE,WEIGHT_FOR_AGE,-0.03850000,13.11690000,0.11723000,WHO2006
29.00000000,FEMALE,WEIGHT_FOR_AGE,-0.30800000,12.50730000,0.12545000,WHO2006
29.00000000,MALE,BMI_FOR_AGE,-0.45520000,15.83060000,0.07829000,WHO2006
29.00000000,FEMALE,BMI_FOR_AGE,-0.56840000,15.55230000,0.08443000,WHO2006
30.00000000,MALE,HEIGHT_FOR_AGE,1.00000000,91.93270000,0.03704000,WHO2006
30.00000000,FEMALE,HEIGHT_FOR_AGE,1.00000000,90.67970000,0.03893000,WHO2006
30.00000000,MALE,WEIGHT_FOR_AGE,-0.04310000,13.30000000,0.11781000,WHO2006
30.00000000,FEMALE,WEIGHT_FOR_AGE,-0.31010000,12.70550000,0.12587000,WHO2006
30.00000000,MALE,BMI_FOR_AGE,-0.42740000,15.79530000,0.07841000,WHO2006
30.00000000,FEMALE,BMI_FOR_AGE,-0.56840000,15.52760000,0.08444000,WHO2006
31.00000000,MALE,HEIGHT_FOR_AGE,1.00000000,92.66310000,0.03733000,WHO2006
31.00000000,FEMALE,HEIGHT_FOR_AGE,1.00000000,91.44300000,0.03913000,WHO2006
31.00000000,MALE,WEIGHT_FOR_AGE,-0.04760000,13.47980000,0.11839000,WHO2006
31.00000000,FEMALE,WEIGHT_FOR_AGE,-0.31200000,12.90060000,0.12633000,WHO2006
31.00000000,MALE,BMI_FOR_AGE,-0.40160000,15.76060000,0.07854000,WHO2006
31.00000000,FEMALE,BMI_FOR_AGE,-0.56840000,15.50340000,0.08448000,WHO2006
32.00000000,MALE,HEIGHT_FOR_AGE,1.00000000,93.37530000,0.03761000,WHO2006
32.00000000,FEMALE,HEIGHT_FOR_AGE,1.00000000,92.19060000,0.03933000,WHO2006
32.00000000,MALE,WEIGHT_FOR_AGE,-0.05200000,13.65670000,0.11896000,WHO2006
32.00000000,FEMALE,WEIGHT_FOR_AGE,-0.31380000,13.09300000,0.12683000,WHO2006
32.00000000,MALE,BMI_FOR_AGE,-0.37820000,15.72670000,0.07867000,WHO2006
32.00000000,FEMALE,BMI_FOR_AGE,-0.56840000,15.47980000,0.08455000,WHO2006
33.00000000,MALE,HEIGHT_FOR_AGE,1.00000000,94.07110000,0.03787000,WHO2006
33.00000000,FEMALE,HEIGHT_FOR_AGE,1.00000000,92.92390000,0.03952000,WHO2006
33.00000000,MALE,WEIGHT_FOR_AGE,-0.05640000,13.83090000,0.11953000,WHO2006
33.00000000,FEMALE,WEIGHT_FOR_AGE,-0.31550000,13.28370000,0.12737000,WHO2006
33.00000000,MALE,BMI_FOR_AGE,-0.35720000,15.69340000,0.07882000,WHO2006
33.00000000,FEMALE,BMI_FOR_AGE,-0.56840000,15.45720000,0.08467000,WHO2006
34.00000000,MALE,HEIGHT_FOR_AGE,1.00000000,94.75320000,0.03812000,WHO2006
34.00000000,FEMALE,HEIGHT_FOR_AGE,1.00000000,93.64440000,0.03971000,WHO2006
34.00000000,MALE,WEIGHT_FOR_AGE,-0.06060000,14.00310000,0.12008000,WHO2006
34.00000000,FEMALE,WEIGHT_FOR_AGE,-0.31710000,13.47310000,0.12794000,WHO2006
34.00000000,MALE,BMI_FOR_AGE,-0.33880000,15.66100000,0.07897000,WHO2006
34.00000000,FEMALE,BMI_FOR_AGE,-0.56840000,15.43560000,0.08484000,WHO2006
35.00000000,MALE,HEIGHT_FOR_AGE,1.00000000,95.42360000,0.03836000,WHO2006
35.00000000,FEMALE,HEIGHT_FOR_AGE,1.00000000,94.35330000,0.03989000,WHO2006
35.00000000,MALE,WEIGHT_FOR_AGE,-0.06480000,14.17360000,0.12062000,WHO2006
35.00000000,FEMALE,WEIGHT_FOR_AGE,-0.31860000,13.66180000,0.12855000,WHO2006
35.00000000,MALE,BMI_FOR_AGE,-0.32310000,15.62940000,0.07914000,WHO2006
35.00000000,FEMALE,BMI_FOR_AGE,-0.56840000,15.41550000,0.08506000,WHO2006
36.00000000,MALE,HEIGHT_FOR_AGE,1.00000000,96.08350000,0.03858000,WHO2006
36.00000000,FEMALE,HEIGHT_FOR_AGE,1.00000000,95.05150000,0.04006000,WHO2006
36.00000000,MALE,WEIGHT_FOR_AGE,-0.06890000,14.34290000,0.12116000,WHO2006
36.00000000,FEMALE,WEIGHT_FOR_AGE,-0.32010000,13.85030000,0.12919000,WHO2006
36.00000000,MALE,BMI_FOR_AGE,-0.31010000,15.59880000,0.07931000,WHO2006
36.00000000,FEMALE,BMI_FOR_AGE,-0.56840000,15.39680000,0.08535000,WHO2006
37.00000000,MALE,HEIGHT_FOR_AGE,1.00000000,96.73370000,0.03879000,WHO2006
37.00000000,FEMALE,HEIGHT_FOR_AGE,1.00000000,95.73990000,0.04024000,WHO2006
37.00000000,MALE,WEIGHT_FOR_AGE,-0.07290000,14.51130000,0.12168000,WHO2006
37.00000000,FEMALE,WEIGHT_FOR_AGE,-0.32160000,14.03850000,0.12988000,WHO2006
37.00000000,MALE,BMI_FOR_AGE,-0.30000000,15.56930000,0.07950000,WHO2006
37.00000000,FEMALE,BMI_FOR_AGE,-0.56840000,15.37960000,0.08569000,WHO2006
38.00000000,MALE,HEIGHT_FOR_AGE,1.00000000,97.37490000,0.03900000,WHO2006
38.00000000,FEMALE,HEIGHT_FOR_AGE,1.00000000,96.41870000,0.04041000,WHO2006
38.00000000,MALE,WEIGHT_FOR_AGE,-0.07690000,14.67910000,0.12220000,WHO2006
38.00000000,FEMALE,WEIGHT_FOR_AGE,-0.32300000,14.22650000,0.13059000,WHO2006
38.00000000,MALE,BMI_FOR_AGE,-0.29270000,15.54100000,0.07969000,WHO2006
38.00000000,FEMALE,BMI_FOR_AGE,-0.56840000,15.36380000,0.08609000,WHO2006
39.00000000,MALE,HEIGHT_FOR_AGE,1.00000000,98.00730000,0.03919000,WHO2006
39.00000000,FEMALE,HEIGHT_FOR_AGE,1.00000000,97.08850000,0.04057000,WHO2006
39.00000000,MALE,WEIGHT_FOR_AGE,-0.08080000,14.84660000,0.12271000,WHO2006
39.00000000,FEMALE,WEIGHT_FOR_AGE,-0.32430000,14.41400000,0.13135000,WHO2006
39.00000000,MALE,BMI_FOR_AGE,-0.28840000,15.51400000,0.07990000,WHO2006
39.00000000,FEMALE,BMI_FOR_AGE,-0.56840000,15.34930000,0.08654000,WHO2006
40.00000000,MALE,HEIGHT_FOR_AGE,1.00000000,98.63100000,0.03937000,WHO2006
40.00000000,FEMALE,HEIGHT_FOR_AGE,1.00000000,97.74930000,0.04073000,WHO2006
40.00000000,MALE,WEIGHT_FOR_AGE,-0.08460000,15.01400000,0.12322000,WHO2006
40.00000000,FEMALE,WEIGHT_FOR_AGE,-0.32570000,14.60100000,0.13213000,WHO2006
40.00000000,MALE,BMI_FOR_AGE,-0.28690000,15.48850000,0.08012000,WHO2006
40.00000000,FEMALE,BMI_FOR_AGE,-0.56840000,15.33580000,0.08704000,WHO2006
41.00000000,MALE,HEIGHT_FOR_AGE,1.00000000,99.24590000,0.03954000,WHO2006
41.00000000,FEMALE,HEIGHT_FOR_AGE,1.00000000,98.40150000,0.04089000,WHO2006
41.00000000,MALE,WEIGHT_FOR_AGE,-0.08830000,15.18130000,0.12373000,WHO2006
41.00000000,FEMALE,WEIGHT_FOR_AGE,-0.32700000,14.78730000,0.13293000,WHO2006
41.00000000,MALE,BMI_FOR_AGE,-0.28810000,15.46450000,0.08036000,WHO2006
41.00000000,FEMALE,BMI_FOR_AGE,-0.56840000,15.32330000,0.08757000,WHO2006
42.00000000,MALE,HEIGHT_FOR_AGE,1.00000000,99.85150000,0.03971000,WHO2006
42.00000000,FEMALE,HEIGHT_FOR_AGE,1.00000000,99.04480000,0.04105000,WHO2006
42.00000000,MALE,WEIGHT_FOR_AGE,-0.09200000,15.34860000,0.12425000,WHO2006
42.00000000,FEMALE,WEIGHT_FOR_AGE,-0.32830000,14.97270000,0.13376000,WHO2006
42.00000000,MALE,BMI_FOR_AGE,-0.29190000,15.44200000,0.08061000,WHO2006
42.00000000,FEMALE,BMI_FOR_AGE,-0.56840000,15.31160000,0.08813000,WHO2006
43.00000000,MALE,HEIGHT_FOR_AGE,1.00000000,100.44850000,0.03986000,WHO2006
43.00000000,FEMALE,HEIGHT_FOR_AGE,1.00000000,99.67950000,0.04120000,WHO2006
43.00000000,MALE,WEIGHT_FOR_AGE,-0.09570000,15.51580000,0.12478000,WHO2006
43.00000000,FEMALE,WEIGHT_FOR_AGE,-0.32960000,15.15730000,0.13460000,WHO2006
43.00000000,MALE,BMI_FOR_AGE,-0.29810000,15.42100000,0.08087000,WHO2006
43.00000000,FEMALE,BMI_FOR_AGE,-0.56840000,15.30070000,0.08872000,WHO2006
44.00000000,MALE,HEIGHT_FOR_AGE,1.00000000,101.03740000,0.04002000,WHO2006
44.00000000,FEMALE,HEIGHT_FOR_AGE,1.00000000,100.30580000,0.04135000,WHO2006
44.00000000,MALE,WEIGHT_FOR_AGE,-0.09930000,15.68280000,0.12531000,WHO2006
44.00000000,FEMALE,WEIGHT_FOR_AGE,-0.33090000,15.34100000,0.13545000,WHO2006
44.00000000,MALE,BMI_FOR_AGE,-0.30670000,15.40130000,0.08115000,WHO2006
44.00000000,FEMALE,BMI_FOR_AGE,-0.56840000,15.29050000,0.08931000,WHO2006
45.00000000,MALE,HEIGHT_FOR_AGE,1.00000000,101.61860000,0.04016000,WHO2006
45.00000000,FEMALE,HEIGHT_FOR_AGE,1.00000000,100.92380000,0.04150000,WHO2006
45.00000000,MALE,WEIGHT_FOR_AGE,-0.10280000,15.84970000,0.12586000,WHO2006
45.00000000,FEMALE,WEIGHT_FOR_AGE,-0.33220000,15.52400000,0.13630000,WHO2006
45.00000000,MALE,BMI_FOR_AGE,-0.31740000,15.38270000,0.08144000,WHO2006
45.00000000,FEMALE,BMI_FOR_AGE,-0.56840000,15.28140000,0.08991000,WHO2006
46.00000000,MALE,HEIGHT_FOR_AGE,1.00000000,102.19330000,0.04031000,WHO2006
46.00000000,FEMALE,HEIGHT_FOR_AGE,1.00000000,101.53370000,0.04164000,WHO2006
46.00000000,MALE,WEIGHT_FOR_AGE,-0.10630000,16.01630000,0.12643000,WHO2006
46.00000000,FEMALE,WEIGHT_FOR_AGE,-0.33350000,15.70640000,0.13716000,WHO2006
46.00000000,MALE,BMI_FOR_AGE,-0.33030000,15.36520000,0.08174000,WHO2006
46.00000000,FEMALE,BMI_FOR_AGE,-0.56840000,15.27320000,0.09051000,WHO2006
47.00000000,MALE,HEIGHT_FOR_AGE,1.00000000,102.76250000,0.04045000,WHO2006
47.00000000,FEMALE,HEIGHT_FOR_AGE,1.00000000,102.13600000,0.04179000,WHO2006
47.00000000,MALE,WEIGHT_FOR_AGE,-0.10970000,16.18270000,0.12700000,WHO2006
47.00000000,FEMALE,WEIGHT_FOR_AGE,-0.33480000,15.88820000,0.13800000,WHO2006
47.00000000,MALE,BMI_FOR_AGE,-0.34520000,15.34850000,0.08205000,WHO2006
47.00000000,FEMALE,BMI_FOR_AGE,-0.56840000,15.26610000,0.09110000,WHO2006
48.00000000,MALE,HEIGHT_FOR_AGE,1.00000000,103.32730000,0.04059000,WHO2006
48.00000000,FEMALE,HEIGHT_FOR_AGE,1.00000000,102.73120000,0.04193000,WHO2006
48.00000000,MALE,WEIGHT_FOR_AGE,-0.11310000,16.34890000,0.12759000,WHO2006
48.00000000,FEMALE,WEIGHT_FOR_AGE,-0.33610000,16.06970000,0.13884000,WHO2006
48.00000000,MALE,BMI_FOR_AGE,-0.36220000,15.33260000,0.08238000,WHO2006
48.00000000,FEMALE,BMI_FOR_AGE,-0.56840000,15.26020000,0.09168000,WHO2006
49.00000000,MALE,HEIGHT_FOR_AGE,1.00000000,103.88860000,0.04073000,WHO2006
49.00000000,FEMALE,HEIGHT_FOR_AGE,1.00000000,103.31970000,0.04206000,WHO2006
49.00000000,MALE,WEIGHT_FOR_AGE,-0.11650000,16.51500000,0.12819000,WHO2006
49.00000000,FEMALE,WEIGHT_FOR_AGE,-0.33740000,16.25110000,0.13968000,WHO2006
49.00000000,MALE,BMI_FOR_AGE,-0.38110000,15.31740000,0.08272000,WHO2006
49.00000000,FEMALE,BMI_FOR_AGE,-0.56840000,15.25560000,0.09227000,WHO2006
50.00000000,MALE,HEIGHT_FOR_AGE,1.00000000,104.44730000,0.04086000,WHO2006
50.00000000,FEMALE,HEIGHT_FOR_AGE,1.00000000,103.90210000,0.04220000,WHO2006
50.00000000,MALE,WEIGHT_FOR_AGE,-0.11980000,16.68110000,0.12880000,WHO2006
50.00000000,FEMALE,WEIGHT_FOR_AGE,-0.33870000,16.43220000,0.14051000,WHO2006
50.00000000,MALE,BMI_FOR_AGE,-0.40190000,15.30290000,0.08307000,WHO2006
50.00000000,FEMALE,BMI_FOR_AGE,-0.56840000,15.25230000,0.09286000,WHO2006
51.00000000,MALE,HEIGHT_FOR_AGE,1.00000000,105.00410000,0.04100000,WHO2006
51.00000000,FEMALE,HEIGHT_FOR_AGE,1.00000000,104.47860000,0.04233000,WHO2006
51.00000000,MALE,WEIGHT_FOR_AGE,-0.12300000,16.84710000,0.12943000,WHO2006
51.00000000,FEMALE,WEIGHT_FOR_AGE,-0.34000000,16.61330000,0.14132000,WHO2006
51.00000000,MALE,BMI_FOR_AGE,-0.42450000,15.28910000,0.08343000,WHO2006
51.00000000,FEMALE,BMI_FOR_AGE,-0.56840000,15.25030000,0.09345000,WHO2006
52.00000000,MALE,HEIGHT_FOR_AGE,1.00000000,105.55960000,0.04113000,WHO2006
52.00000000,FEMALE,HEIGHT_FOR_AGE,1.00000000,105.04940000,0.04246000,WHO2006
52.00000000,MALE,WEIGHT_FOR_AGE,-0.12620000,17.01320000,0.13005000,WHO2006
52.00000000,FEMALE,WEIGHT_FOR_AGE,-0.34140000,16.79420000,0.14213000,WHO2006
52.00000000,MALE,BMI_FOR_AGE,-0.44880000,15.27590000,0.08380000,WHO2006
52.00000000,FEMALE,BMI_FOR_AGE,-0.56840000,15.24960000,0.09403000,WHO2006
53.00000000,MALE,HEIGHT_FOR_AGE,1.00000000,106.11380000,0.04126000,WHO2006
53.00000000,FEMALE,HEIGHT_FOR_AGE,1.00000000,105.61480000,0.04259000,WHO2006
53.00000000,MALE,WEIGHT_FOR_AGE,-0.12940000,17.17920000,0.13069000,WHO2006
53.00000000,FEMALE,WEIGHT_FOR_AGE,-0.34270000,16.97480000,0.14293000,WHO2006
53.00000000,MALE,BMI_FOR_AGE,-0.47470000,15.26330000,0.08418000,WHO2006
53.00000000,FEMALE,BMI_FOR_AGE,-0.56840000,15.25020000,0.09460000,WHO2006
54.00000000,MALE,HEIGHT_FOR_AGE,1.00000000,106.66680000,0.04139000,WHO2006
54.00000000,FEMALE,HEIGHT_FOR_AGE,1.00000000,106.17480000,0.04272000,WHO2006
54.00000000,MALE,WEIGHT_FOR_AGE,-0.13250000,17.34520000,0.13133000,WHO2006
54.00000000,FEMALE,WEIGHT_FOR_AGE,-0.34400000,17.15510000,0.14371000,WHO2006
54.00000000,MALE,BMI_FOR_AGE,-0.50190000,15.25140000,0.08457000,WHO2006
54.00000000,FEMALE,BMI_FOR_AGE,-0.56840000,15.25190000,0.09515000,WHO2006
55.00000000,MALE,HEIGHT_FOR_AGE,1.00000000,107.21880000,0.04152000,WHO2006
55.00000000,FEMALE,HEIGHT_FOR_AGE,1.00000000,106.72950000,0.04285000,WHO2006
55.00000000,MALE,WEIGHT_FOR_AGE,-0.13560000,17.51110000,0.13197000,WHO2006
55.00000000,FEMALE,WEIGHT_FOR_AGE,-0.34530000,17.33470000,0.14448000,WHO2006
55.00000000,MALE,BMI_FOR_AGE,-0.53030000,15.24000000,0.08496000,WHO2006
55.00000000,FEMALE,BMI_FOR_AGE,-0.56840000,15.25440000,0.09568000,WHO2006
56.00000000,MALE,HEIGHT_FOR_AGE,1.00000000,107.76970000,0.04165000,WHO2006
56.00000000,FEMALE,HEIGHT_FOR_AGE,1.00000000,107.27880000,0.04298000,WHO2006
56.00000000,MALE,WEIGHT_FOR_AGE,-0.13870000,17.67680000,0.13261000,WHO2006
56.00000000,FEMALE,WEIGHT_FOR_AGE,-0.34660000,17.51360000,0.14525000,WHO2006
56.00000000,MALE,BMI_FOR_AGE,-0.55990000,15.22910000,0.08536000,WHO2006
56.00000000,FEMALE,BMI_FOR_AGE,-0.56840000,15.25750000,0.09618000,WHO2006
57.00000000,MALE,HEIGHT_FOR_AGE,1.00000000,108.31980000,0.04177000,WHO2006
57.00000000,FEMALE,HEIGHT_FOR_AGE,1.00000000,107.82270000,0.04310000,WHO2006
57.00000000,MALE,WEIGHT_FOR_AGE,-0.14170000,17.84220000,0.13325000,WHO2006
57.00000000,FEMALE,WEIGHT_FOR_AGE,-0.34790000,17.69160000,0.14600000,WHO2006
57.00000000,MALE,BMI_FOR_AGE,-0.59050000,15.21880000,0.08577000,WHO2006
57.00000000,FEMALE,BMI_FOR_AGE,-0.56840000,15.26120000,0.09665000,WHO2006
58.00000000,MALE,HEIGHT_FOR_AGE,1.00000000,108.86890000,0.04190000,WHO2006
58.00000000,FEMALE,HEIGHT_FOR_AGE,1.00000000,108.36130000,0.04322000,WHO2006
58.00000000,MALE,WEIGHT_FOR_AGE,-0.14470000,18.00730000,0.13389000,WHO2006
58.00000000,FEMALE,WEIGHT_FOR_AGE,-0.34920000,17.86860000,0.14675000,WHO2006
58.00000000,MALE,BMI_FOR_AGE,-0.62230000,15.20910000,0.08617000,WHO2006
58.00000000,FEMALE,BMI_FOR_AGE,-0.56840000,15.26530000,0.09709000,WHO2006
59.00000000,MALE,HEIGHT_FOR_AGE,1.00000000,109.41700000,0.04202000,WHO2006
59.00000000,FEMALE,HEIGHT_FOR_AGE,1.00000000,108.89480000,0.04334000,WHO2006
59.00000000,MALE,WEIGHT_FOR_AGE,-0.14770000,18.17220000,0.13453000,WHO2006
59.00000000,FEMALE,WEIGHT_FOR_AGE,-0.35050000,18.04450000,0.14748000,WHO2006
59.00000000,MALE,BMI_FOR_AGE,-0.65520000,15.20000000,0.08659000,WHO2006
59.00000000,FEMALE,BMI_FOR_AGE,-0.56840000,15.26980000,0.09750000,WHO2006
60.00000000,MALE,HEIGHT_FOR_AGE,1.00000000,109.96380000,0.04214000,WHO2006
60.00000000,FEMALE,HEIGHT_FOR_AGE,1.00000000,109.42330000,0.04347000,WHO2006
60.00000000,MALE,WEIGHT_FOR_AGE,-0.15060000,18.33660000,0.13517000,WHO2006
60.00000000,FEMALE,WEIGHT_FOR_AGE,-0.35180000,18.21930000,0.14821000,WHO2006
60.00000000,MALE,BMI_FOR_AGE,-0.68920000,15.19160000,0.08700000,WHO2006
60.00000000,FEMALE,BMI_FOR_AGE,-0.56840000,15.27470000,0.09789000,WHO2006
61.00000000,MALE,HEIGHT_FOR_AGE,1.00000000,110.26470000,0.04164000,WHO2007
61.00000000,FEMALE,HEIGHT_FOR_AGE,1.00000000,109.60160000,0.04355000,WHO2007
61.00000000,MALE,WEIGHT_FOR_AGE,-0.20260000,18.50570000,0.12988000,WHO2007
61.00000000,FEMALE,WEIGHT_FOR_AGE,-0.46810000,18.25790000,0.14295000,WHO2007
61.00000000,MALE,BMI_FOR_AGE,-0.73870000,15.26410000,0.08390000,WHO2007
61.00000000,FEMALE,BMI_FOR_AGE,-0.88860000,15.24410000,0.09692000,WHO2007
62.00000000,MALE,HEIGHT_FOR_AGE,1.00000000,110.80060000,0.04172000,WHO2007
62.00000000,FEMALE,HEIGHT_FOR_AGE,1.00000000,110.12580000,0.04364000,WHO2007
62.00000000,MALE,WEIGHT_FOR_AGE,-0.21300000,18.68020000,0.13028000,WHO2007
62.00000000,FEMALE,WEIGHT_FOR_AGE,-0.47110000,18.43290000,0.14350000,WHO2007
62.00000000,MALE,BMI_FOR_AGE,-0.76210000,15.26160000,0.08414000,WHO2007
62.00000000,FEMALE,BMI_FOR_AGE,-0.90680000,15.24340000,0.09738000,WHO2007
63.00000000,MALE,HEIGHT_FOR_AGE,1.00000000,111.33380000,0.04180000,WHO2007
63.00000000,FEMALE,HEIGHT_FOR_AGE,1.00000000,110.64510000,0.04373000,WHO2007
63.00000000,MALE,WEIGHT_FOR_AGE,-0.22340000,18.85630000,0.13067000,WHO2007
63.00000000,FEMALE,WEIGHT_FOR_AGE,-0.47420000,18.60730000,0.14404000,WHO2007
63.00000000,MALE,BMI_FOR_AGE,-0.78560000,15.26040000,0.08439000,WHO2007
63.00000000,FEMALE,BMI_FOR_AGE,-0.92480000,15.24330000,0.09783000,WHO2007
64.00000000,MALE,HEIGHT_FOR_AGE,1.00000000,111.86360000,0.04187000,WHO2007
64.00000000,FEMALE,HEIGHT_FOR_AGE,1.00000000,111.15960000,0.04382000,WHO2007
64.00000000,MALE,WEIGHT_FOR_AGE,-0.23380000,19.03400000,0.13105000,WHO2007
64.00000000,FEMALE,WEIGHT_FOR_AGE,-0.47730000,18.78110000,0.14459000,WHO2007
64.00000000,MALE,BMI_FOR_AGE,-0.80890000,15.26050000,0.08464000,WHO2007
64.00000000,FEMALE,BMI_FOR_AGE,-0.94270000,15.24380000,0.09829000,WHO2007
65.00000000,MALE,HEIGHT_FOR_AGE,1.00000000,112.38950000,0.04195000,WHO2007
65.00000000,FEMALE,HEIGHT_FOR_AGE,1.00000000,111.66960000,0.04390000,WHO2007
65.00000000,MALE,WEIGHT_FOR_AGE,-0.24430000,19.21320000,0.13142000,WHO2007
65.00000000,FEMALE,WEIGHT_FOR_AGE,-0.48030000,18.95450000,0.14514000,WHO2007
65.00000000,MALE,BMI_FOR_AGE,-0.83220000,15.26190000,0.08490000,WHO2007
65.00000000,FEMALE,BMI_FOR_AGE,-0.96050000,15.24480000,0.09875000,WHO2007
66.00000000,MALE,HEIGHT_FOR_AGE,1.00000000,112.91100000,0.04203000,WHO2007
66.00000000,FEMALE,HEIGHT_FOR_AGE,1.00000000,112.17530000,0.04399000,WHO2007
66.00000000,MALE,WEIGHT_FOR_AGE,-0.25480000,19.39400000,0.13178000,WHO2007
66.00000000,FEMALE,WEIGHT_FOR_AGE,-0.48340000,19.12760000,0.14569000,WHO2007
66.00000000,MALE,BMI_FOR_AGE,-0.85540000,15.26450000,0.08516000,WHO2007
66.00000000,FEMALE,BMI_FOR_AGE,-0.97800000,15.24640000,0.09920000,WHO2007
67.00000000,MALE,HEIGHT_FOR_AGE,1.00000000,113.42800000,0.04211000,WHO2007
67.00000000,FEMALE,HEIGHT_FOR_AGE,1.00000000,112.67670000,0.04407000,WHO2007
67.00000000,MALE,WEIGHT_FOR_AGE,-0.26530000,19.57650000,0.13213000,WHO2007
67.00000000,FEMALE,WEIGHT_FOR_AGE,-0.48640000,19.30040000,0.14624000,WHO2007
67.00000000,MALE,BMI_FOR_AGE,-0.87850000,15.26840000,0.08543000,WHO2007
67.00000000,FEMALE,BMI_FOR_AGE,-0.99540000,15.24870000,0.09966000,WHO2007
68.00000000,MALE,HEIGHT_FOR_AGE,1.00000000,113.94100000,0.04218000,WHO2007
68.00000000,FEMALE,HEIGHT_FOR_AGE,1.00000000,113.17400000,0.04415000,WHO2007
68.00000000,MALE,WEIGHT_FOR_AGE,-0.27580000,19.76070000,0.13246000,WHO2007
68.00000000,FEMALE,WEIGHT_FOR_AGE,-0.48940000,19.47300000,0.14679000,WHO2007
68.00000000,MALE,BMI_FOR_AGE,-0.90150000,15.27370000,0.08570000,WHO2007
68.00000000,FEMALE,BMI_FOR_AGE,-1.01260000,15.25160000,0.10012000,WHO2007
69.00000000,MALE,HEIGHT_FOR_AGE,1.00000000,114.45000000,0.04226000,WHO2007
69.00000000,FEMALE,HEIGHT_FOR_AGE,1.00000000,113.66720000,0.04423000,WHO2007
69.00000000,MALE,WEIGHT_FOR_AGE,-0.28640000,19.94680000,0.13279000,WHO2007
69.00000000,FEMALE,WEIGHT_FOR_AGE,-0.49240000,19.64550000,0.14735000,WHO2007
69.00000000,MALE,BMI_FOR_AGE,-0.92430000,15.28010000,0.08597000,WHO2007
69.00000000,FEMALE,BMI_FOR_AGE,-1.02960000,15.25510000,0.10058000,WHO2007
70.00000000,MALE,HEIGHT_FOR_AGE,1.00000000,114.95470000,0.04234000,WHO2007
70.00000000,FEMALE,HEIGHT_FOR_AGE,1.00000000,114.15650000,0.04431000,WHO2007
70.00000000,MALE,WEIGHT_FOR_AGE,-0.29690000,20.13440000,0.13311000,WHO2007
70.00000000,FEMALE,WEIGHT_FOR_AGE,-0.49540000,19.81800000,0.14790000,WHO2007
70.00000000,MALE,BMI_FOR_AGE,-0.94710000,15.28770000,0.08625000,WHO2007
70.00000000,FEMALE,BMI_FOR_AGE,-1.04640000,15.25920000,0.10104000,WHO2007
71.00000000,MALE,HEIGHT_FOR_AGE,1.00000000,115.45490000,0.04241000,WHO2007
71.00000000,FEMALE,HEIGHT_FOR_AGE,1.00000000,114.64210000,0.04439000,WHO2007
71.00000000,MALE,WEIGHT_FOR_AGE,-0.30750000,20.32350000,0.13342000,WHO2007
71.00000000,FEMALE,WEIGHT_FOR_AGE,-0.49840000,19.99080000,0.14845000,WHO2007
71.00000000,MALE,BMI_FOR_AGE,-0.96970000,15.29650000,0.08653000,WHO2007
71.00000000,FEMALE,BMI_FOR_AGE,-1.06300000,15.26410000,0.10149000,WHO2007
72.00000000,MALE,HEIGHT_FOR_AGE,1.00000000,115.95090000,0.04249000,WHO2007
72.00000000,FEMALE,HEIGHT_FOR_AGE,1.00000000,115.12440000,0.04447000,WHO2007
72.00000000,MALE,WEIGHT_FOR_AGE,-0.31800000,20.51370000,0.13372000,WHO2007
72.00000000,FEMALE,WEIGHT_FOR_AGE,-0.50130000,20.16390000,0.14900000,WHO2007
72.00000000,MALE,BMI_FOR_AGE,-0.99210000,15.30620000,0.08682000,WHO2007
72.00000000,FEMALE,BMI_FOR_AGE,-1.07940000,15.26970000,0.10195000,WHO2007
73.00000000,MALE,HEIGHT_FOR_AGE,1.00000000,116.44320000,0.04257000,WHO2007
73.00000000,FEMALE,HEIGHT_FOR_AGE,1.00000000,115.60390000,0.04454000,WHO2007
73.00000000,MALE,WEIGHT_FOR_AGE,-0.32850000,20.70520000,0.13402000,WHO2007
73.00000000,FEMALE,WEIGHT_FOR_AGE,-0.50430000,20.33770000,0.14955000,WHO2007
73.00000000,MALE,BMI_FOR_AGE,-1.01440000,15.31690000,0.08711000,WHO2007
73.00000000,FEMALE,BMI_FOR_AGE,-1.09560000,15.27600000,0.10241000,WHO2007
74.00000000,MALE,HEIGHT_FOR_AGE,1.00000000,116.93250000,0.04264000,WHO2007
74.00000000,FEMALE,HEIGHT_FOR_AGE,1.00000000,116.08120000,0.04461000,WHO2007
74.00000000,MALE,WEIGHT_FOR_AGE,-0.33900000,20.89790000,0.13432000,WHO2007
74.00000000,FEMALE,WEIGHT_FOR_AGE,-0.50720000,20.51240000,0.15010000,WHO2007
74.00000000,MALE,BMI_FOR_AGE,-1.03650000,15.32850000,0.08741000,WHO2007
74.00000000,FEMALE,BMI_FOR_AGE,-1.11150000,15.28310000,0.10287000,WHO2007
75.00000000,MALE,HEIGHT_FOR_AGE,1.00000000,117.41960000,0.04272000,WHO2007
75.00000000,FEMALE,HEIGHT_FOR_AGE,1.00000000,116.55680000,0.04469000,WHO2007
75.00000000,MALE,WEIGHT_FOR_AGE,-0.34940000,21.09180000,0.13462000,WHO2007
75.00000000,FEMALE,WEIGHT_FOR_AGE,-0.51000000,20.68850000,0.15065000,WHO2007
75.00000000,MALE,BMI_FOR_AGE,-1.05840000,15.34080000,0.08771000,WHO2007
75.00000000,FEMALE,BMI_FOR_AGE,-1.12720000,15.29110000,0.10333000,WHO2007
76.00000000,MALE,HEIGHT_FOR_AGE,1.00000000,117.90460000,0.04280000,WHO2007
76.00000000,FEMALE,HEIGHT_FOR_AGE,1.00000000,117.03110000,0.04475000,WHO2007
76.00000000,MALE,WEIGHT_FOR_AGE,-0.35980000,21.28700000,0.13493000,WHO2007
76.00000000,FEMALE,WEIGHT_FOR_AGE,-0.51290000,20.86610000,0.15120000,WHO2007
76.00000000,MALE,BMI_FOR_AGE,-1.08010000,15.35400000,0.08802000,WHO2007
76.00000000,FEMALE,BMI_FOR_AGE,-1.14270000,15.29980000,0.10379000,WHO2007
77.00000000,MALE,HEIGHT_FOR_AGE,1.00000000,118.38800000,0.04287000,WHO2007
77.00000000,FEMALE,HEIGHT_FOR_AGE,1.00000000,117.50440000,0.04482000,WHO2007
77.00000000,MALE,WEIGHT_FOR_AGE,-0.37010000,21.48330000,0.13523000,WHO2007
77.00000000,FEMALE,WEIGHT_FOR_AGE,-0.51570000,21.04570000,0.15175000,WHO2007
77.00000000,MALE,BMI_FOR_AGE,-1.10170000,15.36790000,0.08833000,WHO2007
77.00000000,FEMALE,BMI_FOR_AGE,-1.15790000,15.30950000,0.10425000,WHO2007
78.00000000,MALE,HEIGHT_FOR_AGE,1.00000000,118.87000000,0.04295000,WHO2007
78.00000000,FEMALE,HEIGHT_FOR_AGE,1.00000000,117.97690000,0.04489000,WHO2007
78.00000000,MALE,WEIGHT_FOR_AGE,-0.38040000,21.68100000,0.13554000,WHO2007
78.00000000,FEMALE,WEIGHT_FOR_AGE,-0.51850000,21.22740000,0.15230000,WHO2007
78.00000000,MALE,BMI_FOR_AGE,-1.12300000,15.38250000,0.08865000,WHO2007
78.00000000,FEMALE,BMI_FOR_AGE,-1.17280000,15.32000000,0.10471000,WHO2007
79.00000000,MALE,HEIGHT_FOR_AGE,1.00000000,119.35080000,0.04303000,WHO2007
79.00000000,FEMALE,HEIGHT_FOR_AGE,1.00000000,118.44890000,0.04495000,WHO2007
79.00000000,MALE,WEIGHT_FOR_AGE,-0.39060000,21.87990000,0.13586000,WHO2007
79.00000000,FEMALE,WEIGHT_FOR_AGE,-0.52130000,21.41130000,0.15284000,WHO2007
79.00000000,MALE,BMI_FOR_AGE,-1.14410000,15.39780000,0.08898000,WHO2007
79.00000000,FEMALE,BMI_FOR_AGE,-1.18750000,15.33140000,0.10517000,WHO2007
80.00000000,MALE,HEIGHT_FOR_AGE,1.00000000,119.83030000,0.04311000,WHO2007
80.00000000,FEMALE,HEIGHT_FOR_AGE,1.00000000,118.92080000,0.04502000,WHO2007
80.00000000,MALE,WEIGHT_FOR_AGE,-0.40070000,22.08000000,0.13618000,WHO2007
80.00000000,FEMALE,WEIGHT_FOR_AGE,-0.52400000,21.59790000,0.15339000,WHO2007
80.00000000,MALE,BMI_FOR_AGE,-1.16490000,15.41370000,0.08931000,WHO2007
80.00000000,FEMALE,BMI_FOR_AGE,-1.20190000,15.34390000,0.10562000,WHO2007
81.00000000,MALE,HEIGHT_FOR_AGE,1.00000000,120.30850000,0.04318000,WHO2007
81.00000000,FEMALE,HEIGHT_FOR_AGE,1.00000000,119.39260000,0.04508000,WHO2007
81.00000000,MALE,WEIGHT_FOR_AGE,-0.41070000,22.28130000,0.13652000,WHO2007
81.00000000,FEMALE,WEIGHT_FOR_AGE,-0.52680000,21.78720000,0.15393000,WHO2007
81.00000000,MALE,BMI_FOR_AGE,-1.18560000,15.43020000,0.08964000,WHO2007
81.00000000,FEMALE,BMI_FOR_AGE,-1.21600000,15.35720000,0.10608000,WHO2007
82.00000000,MALE,HEIGHT_FOR_AGE,1.00000000,120.78530000,0.04326000,WHO2007
82.00000000,FEMALE,HEIGHT_FOR_AGE,1.00000000,119.86480000,0.04514000,WHO2007
82.00000000,MALE,WEIGHT_FOR_AGE,-0.42070000,22.48370000,0.13686000,WHO2007
82.00000000,FEMALE,WEIGHT_FOR_AGE,-0.52940000,21.97950000,0.15448000,WHO2007
82.00000000,MALE,BMI_FOR_AGE,-1.20600000,15.44730000,0.08998000,WHO2007
82.00000000,FEMALE,BMI_FOR_AGE,-1.22980000,15.37170000,0.10654000,WHO2007
83.00000000,MALE,HEIGHT_FOR_AGE,1.00000000,121.26040000,0.04334000,WHO2007
83.00000000,FEMALE,HEIGHT_FOR_AGE,1.00000000,120.33740000,0.04520000,WHO2007
83.00000000,MALE,WEIGHT_FOR_AGE,-0.43050000,22.68720000,0.13722000,WHO2007
83.00000000,FEMALE,WEIGHT_FOR_AGE,-0.53210000,22.17510000,0.15502000,WHO2007
83.00000000,MALE,BMI_FOR_AGE,-1.22610000,15.46500000,0.09033000,WHO2007
83.00000000,FEMALE,BMI_FOR_AGE,-1.24330000,15.38710000,0.10700000,WHO2007
84.00000000,MALE,HEIGHT_FOR_AGE,1.00000000,121.73380000,0.04342000,WHO2007
84.00000000,FEMALE,HEIGHT_FOR_AGE,1.00000000,120.81050000,0.04525000,WHO2007
84.00000000,MALE,WEIGHT_FOR_AGE,-0.44020000,22.89150000,0.13759000,WHO2007
84.00000000,FEMALE,WEIGHT_FOR_AGE,-0.53470000,22.37400000,0.15556000,WHO2007
84.00000000,MALE,BMI_FOR_AGE,-1.24600000,15.48320000,0.09068000,WHO2007
84.00000000,FEMALE,BMI_FOR_AGE,-1.25650000,15.40360000,0.10746000,WHO2007
85.00000000,MALE,HEIGHT_FOR_AGE,1.00000000,122.20530000,0.04350000,WHO2007
85.00000000,FEMALE,HEIGHT_FOR_AGE,1.00000000,121.28430000,0.04531000,WHO2007
85.00000000,MALE,WEIGHT_FOR_AGE,-0.44990000,23.09680000,0.13797000,WHO2007
85.00000000,FEMALE,WEIGHT_FOR_AGE,-0.53720000,22.57620000,0.15610000,WHO2007
85.00000000,MALE,BMI_FOR_AGE,-1.26560000,15.50190000,0.09103000,WHO2007
85.00000000,FEMALE,BMI_FOR_AGE,-1.26930000,15.42110000,0.10792000,WHO2007
86.00000000,MALE,HEIGHT_FOR_AGE,1.00000000,122.67500000,0.04358000,WHO2007
86.00000000,FEMALE,HEIGHT_FOR_AGE,1.00000000,121.75870000,0.04536000,WHO2007
86.00000000,MALE,WEIGHT_FOR_AGE,-0.45940000,23.30290000,0.13838000,WHO2007
86.00000000,FEMALE,WEIGHT_FOR_AGE,-0.53980000,22.78160000,0.15663000,WHO2007
86.00000000,MALE,BMI_FOR_AGE,-1.28490000,15.52100000,0.09139000,WHO2007
86.00000000,FEMALE,BMI_FOR_AGE,-1.28190000,15.43970000,0.10837000,WHO2007
87.00000000,MALE,HEIGHT_FOR_AGE,1.00000000,123.14290000,0.04366000,WHO2007
87.00000000,FEMALE,HEIGHT_FOR_AGE,1.00000000,122.23380000,0.04542000,WHO2007
87.00000000,MALE,WEIGHT_FOR_AGE,-0.46880000,23.51010000,0.13880000,WHO2007
87.00000000,FEMALE,WEIGHT_FOR_AGE,-0.54230000,22.99040000,0.15717000,WHO2007
87.00000000,MALE,BMI_FOR_AGE,-1.30400000,15.54070000,0.09176000,WHO2007
87.00000000,FEMALE,BMI_FOR_AGE,-1.29410000,15.45930000,0.10883000,WHO2007
88.00000000,MALE,HEIGHT_FOR_AGE,1.00000000,123.60920000,0.04374000,WHO2007
88.00000000,FEMALE,HEIGHT_FOR_AGE,1.00000000,122.70980000,0.04547000,WHO2007
88.00000000,MALE,WEIGHT_FOR_AGE,-0.47810000,23.71820000,0.13923000,WHO2007
88.00000000,FEMALE,WEIGHT_FOR_AGE,-0.54470000,23.20250000,0.15770000,WHO2007
88.00000000,MALE,BMI_FOR_AGE,-1.32280000,15.56080000,0.09213000,WHO2007
88.00000000,FEMALE,BMI_FOR_AGE,-1.30600000,15.47980000,0.10929000,WHO2007
89.00000000,MALE,HEIGHT_FOR_AGE,1.00000000,124.07360000,0.04382000,WHO2007
89.00000000,FEMALE,HEIGHT_FOR_AGE,1.00000000,123.18680000,0.04551000,WHO2007
89.00000000,MALE,WEIGHT_FOR_AGE,-0.48730000,23.92720000,0.13969000,WHO2007
89.00000000,FEMALE,WEIGHT_FOR_AGE,-0.54710000,23.41800000,0.15823000,WHO2007
89.00000000,MALE,BMI_FOR_AGE,-1.34140000,15.58140000,0.09251000,WHO2007
89.00000000,FEMALE,BMI_FOR_AGE,-1.31750000,15.50140000,0.10974000,WHO2007
90.00000000,MALE,HEIGHT_FOR_AGE,1.00000000,124.53610000,0.04390000,WHO2007
90.00000000,FEMALE,HEIGHT_FOR_AGE,1.00000000,123.66460000,0.04556000,WHO2007
90.00000000,MALE,WEIGHT_FOR_AGE,-0.49640000,24.13710000,0.14016000,WHO2007
90.00000000,FEMALE,WEIGHT_FOR_AGE,-0.54950000,23.63690000,0.15876000,WHO2007
90.00000000,MALE,BMI_FOR_AGE,-1.35960000,15.60230000,0.09289000,WHO2007
90.00000000,FEMALE,BMI_FOR_AGE,-1.32870000,15.52400000,0.11020000,WHO2007
91.00000000,MALE,HEIGHT_FOR_AGE,1.00000000,124.99640000,0.04398000,WHO2007
91.00000000,FEMALE,HEIGHT_FOR_AGE,1.00000000,124.14350000,0.04561000,WHO2007
91.00000000,MALE,WEIGHT_FOR_AGE,-0.50530000,24.34790000,0.14065000,WHO2007
91.00000000,FEMALE,WEIGHT_FOR_AGE,-0.55180000,23.85930000,0.15928000,WHO2007
91.00000000,MALE,BMI_FOR_AGE,-1.37760000,15.62370000,0.09327000,WHO2007
91.00000000,FEMALE,BMI_FOR_AGE,-1.33950000,15.54760000,0.11065000,WHO2007
92.00000000,MALE,HEIGHT_FOR_AGE,1.00000000,125.45450000,0.04406000,WHO2007
92.00000000,FEMALE,HEIGHT_FOR_AGE,1.00000000,124.62340000,0.04565000,WHO2007
92.00000000,MALE,WEIGHT_FOR_AGE,-0.51420000,24.55950000,0.14117000,WHO2007
92.00000000,FEMALE,WEIGHT_FOR_AGE,-0.55410000,24.08530000,0.15980000,WHO2007
92.00000000,MALE,BMI_FOR_AGE,-1.39530000,15.64550000,0.09366000,WHO2007
92.00000000,FEMALE,BMI_FOR_AGE,-1.34990000,15.57230000,0.11110000,WHO2007
93.00000000,MALE,HEIGHT_FOR_AGE,1.00000000,125.91040000,0.04414000,WHO2007
93.00000000,FEMALE,HEIGHT_FOR_AGE,1.00000000,125.10450000,0.04569000,WHO2007
93.00000000,MALE,WEIGHT_FOR_AGE,-0.52290000,24.77220000,0.14170000,WHO2007
93.00000000,FEMALE,WEIGHT_FOR_AGE,-0.55630000,24.31490000,0.16032000,WHO2007
93.00000000,MALE,BMI_FOR_AGE,-1.41260000,15.66770000,0.09406000,WHO2007
93.00000000,FEMALE,BMI_FOR_AGE,-1.36000000,15.59790000,0.11156000,WHO2007
94.00000000,MALE,HEIGHT_FOR_AGE,1.00000000,126.36400000,0.04422000,WHO2007
94.00000000,FEMALE,HEIGHT_FOR_AGE,1.00000000,125.58690000,0.04573000,WHO2007
94.00000000,MALE,WEIGHT_FOR_AGE,-0.53150000,24.98580000,0.14226000,WHO2007
94.00000000,FEMALE,WEIGHT_FOR_AGE,-0.55850000,24.54820000,0.16084000,WHO2007
94.00000000,MALE,BMI_FOR_AGE,-1.42970000,15.69030000,0.09445000,WHO2007
94.00000000,FEMALE,BMI_FOR_AGE,-1.36970000,15.62460000,0.11201000,WHO2007
95.00000000,MALE,HEIGHT_FOR_AGE,1.00000000,126.81560000,0.04430000,WHO2007
95.00000000,FEMALE,HEIGHT_FOR_AGE,1.00000000,126.07060000,0.04577000,WHO2007
95.00000000,MALE,WEIGHT_FOR_AGE,-0.53990000,25.20050000,0.14284000,WHO2007
95.00000000,FEMALE,WEIGHT_FOR_AGE,-0.56060000,24.78530000,0.16135000,WHO2007
95.00000000,MALE,BMI_FOR_AGE,-1.44640000,15.71330000,0.09486000,WHO2007
95.00000000,FEMALE,BMI_FOR_AGE,-1.37900000,15.65230000,0.11246000,WHO2007
96.00000000,MALE,HEIGHT_FOR_AGE,1.00000000,127.26510000,0.04438000,WHO2007
96.00000000,FEMALE,HEIGHT_FOR_AGE,1.00000000,126.55580000,0.04581000,WHO2007
96.00000000,MALE,WEIGHT_FOR_AGE,-0.54820000,25.41630000,0.14344000,WHO2007
96.00000000,FEMALE,WEIGHT_FOR_AGE,-0.56270000,25.02620000,0.16186000,WHO2007
96.00000000,MALE,BMI_FOR_AGE,-1.46290000,15.73680000,0.09526000,WHO2007
96.00000000,FEMALE,BMI_FOR_AGE,-1.38800000,15.68100000,0.11291000,WHO2007
97.00000000,MALE,HEIGHT_FOR_AGE,1.00000000,127.71290000,0.04446000,WHO2007
97.00000000,FEMALE,HEIGHT_FOR_AGE,1.00000000,127.04240000,0.04585000,WHO2007
97.00000000,MALE,WEIGHT_FOR_AGE,-0.55640000,25.63320000,0.14407000,WHO2007
97.00000000,FEMALE,WEIGHT_FOR_AGE,-0.56470000,25.27100000,0.16237000,WHO2007
97.00000000,MALE,BMI_FOR_AGE,-1.47900000,15.76060000,0.09567000,WHO2007
97.00000000,FEMALE,BMI_FOR_AGE,-1.39660000,15.71070000,0.11335000,WHO2007
98.00000000,MALE,HEIGHT_FOR_AGE,1.00000000,128.15900000,0.04454000,WHO2007
98.00000000,FEMALE,HEIGHT_FOR_AGE,1.00000000,127.53040000,0.04588000,WHO2007
98.00000000,MALE,WEIGHT_FOR_AGE,-0.56440000,25.85130000,0.14472000,WHO2007
98.00000000,FEMALE,WEIGHT_FOR_AGE,-0.56670000,25.51970000,0.16287000,WHO2007
98.00000000,MALE,BMI_FOR_AGE,-1.49470000,15.78480000,0.09609000,WHO2007
98.00000000,FEMALE,BMI_FOR_AGE,-1.40470000,15.74150000,0.11380000,WHO2007
99.00000000,MALE,HEIGHT_FOR_AGE,1.00000000,128.60340000,0.04462000,WHO2007
99.00000000,FEMALE,HEIGHT_FOR_AGE,1.00000000,128.01990000,0.04591000,WHO2007
99.00000000,MALE,WEIGHT_FOR_AGE,-0.57220000,26.07060000,0.14539000,WHO2007
99.00000000,FEMALE,WEIGHT_FOR_AGE,-0.56860000,25.77210000,0.16337000,WHO2007
99.00000000,MALE,BMI_FOR_AGE,-1.51010000,15.80940000,0.09651000,WHO2007
99.00000000,FEMALE,BMI_FOR_AGE,-1.41250000,15.77320000,0.11424000,WHO2007
100.00000000,MALE,HEIGHT_FOR_AGE,1.00000000,129.04660000,0.04470000,WHO2007
100.00000000,FEMALE,HEIGHT_FOR_AGE,1.00000000,128.51090000,0.04594000,WHO2007
100.00000000,MALE,WEIGHT_FOR_AGE,-0.57990000,26.29110000,0.14608000,WHO2007
100.00000000,FEMALE,WEIGHT_FOR_AGE,-0.57040000,26.02840000,0.16386000,WHO2007
100.00000000,MALE,BMI_FOR_AGE,-1.52520000,15.83440000,0.09693000,WHO2007
100.00000000,FEMALE,BMI_FOR_AGE,-1.41990000,15.80580000,0.11469000,WHO2007
101.00000000,MALE,HEIGHT_FOR_AGE,1.00000000,129.48870000,0.04478000,WHO2007
101.00000000,FEMALE,HEIGHT_FOR_AGE,1.00000000,129.00350000,0.04597000,WHO2007
101.00000000,MALE,WEIGHT_FOR_AGE,-0.58730000,26.51280000,0.14679000,WHO2007
101.00000000,FEMALE,WEIGHT_FOR_AGE,-0.57220000,26.28830000,0.16435000,WHO2007
101.00000000,MALE,BMI_FOR_AGE,-1.53990000,15.85970000,0.09735000,WHO2007
101.00000000,FEMALE,BMI_FOR_AGE,-1.42700000,15.83940000,0.11513000,WHO2007
102.00000000,MALE,HEIGHT_FOR_AGE,1.00000000,129.93000000,0.04487000,WHO2007
102.00000000,FEMALE,HEIGHT_FOR_AGE,1.00000000,129.49750000,0.04600000,WHO2007
102.00000000,MALE,WEIGHT_FOR_AGE,-0.59460000,26.73580000,0.14752000,WHO2007
102.00000000,FEMALE,WEIGHT_FOR_AGE,-0.57400000,26.55190000,0.16483000,WHO2007
102.00000000,MALE,BMI_FOR_AGE,-1.55420000,15.88550000,0.09778000,WHO2007
102.00000000,FEMALE,BMI_FOR_AGE,-1.43360000,15.87380000,0.11557000,WHO2007
103.00000000,MALE,HEIGHT_FOR_AGE,1.00000000,130.37050000,0.04495000,WHO2007
103.00000000,FEMALE,HEIGHT_FOR_AGE,1.00000000,129.99320000,0.04602000,WHO2007
103.00000000,MALE,WEIGHT_FOR_AGE,-0.60170000,26.96020000,0.14828000,WHO2007
103.00000000,FEMALE,WEIGHT_FOR_AGE,-0.57570000,26.81900000,0.16532000,WHO2007
103.00000000,MALE,BMI_FOR_AGE,-1.56810000,15.91160000,0.09821000,WHO2007
103.00000000,FEMALE,BMI_FOR_AGE,-1.43980000,15.90900000,0.11601000,WHO2007
104.00000000,MALE,HEIGHT_FOR_AGE,1.00000000,130.81030000,0.04503000,WHO2007
104.00000000,FEMALE,HEIGHT_FOR_AGE,1.00000000,130.49040000,0.04604000,WHO2007
104.00000000,MALE,WEIGHT_FOR_AGE,-0.60850000,27.18610000,0.14905000,WHO2007
104.00000000,FEMALE,WEIGHT_FOR_AGE,-0.57730000,27.08960000,0.16579000,WHO2007
104.00000000,MALE,BMI_FOR_AGE,-1.58170000,15.93810000,0.09864000,WHO2007
104.00000000,FEMALE,BMI_FOR_AGE,-1.44560000,15.94510000,0.11644000,WHO2007
105.00000000,MALE,HEIGHT_FOR_AGE,1.00000000,131.24950000,0.04511000,WHO2007
105.00000000,FEMALE,HEIGHT_FOR_AGE,1.00000000,130.98910000,0.04607000,WHO2007
105.00000000,MALE,WEIGHT_FOR_AGE,-0.61520000,27.41370000,0.14984000,WHO2007
105.00000000,FEMALE,WEIGHT_FOR_AGE,-0.57890000,27.36350000,0.16626000,WHO2007
105.00000000,MALE,BMI_FOR_AGE,-1.59480000,15.96510000,0.09907000,WHO2007
105.00000000,FEMALE,BMI_FOR_AGE,-1.45110000,15.98180000,0.11688000,WHO2007
106.00000000,MALE,HEIGHT_FOR_AGE,1.00000000,131.68840000,0.04519000,WHO2007
106.00000000,FEMALE,HEIGHT_FOR_AGE,1.00000000,131.48950000,0.04608000,WHO2007
106.00000000,MALE,WEIGHT_FOR_AGE,-0.62160000,27.64320000,0.15066000,WHO2007
106.00000000,FEMALE,WEIGHT_FOR_AGE,-0.58040000,27.64060000,0.16673000,WHO2007
106.00000000,MALE,BMI_FOR_AGE,-1.60760000,15.99250000,0.09951000,WHO2007
106.00000000,FEMALE,BMI_FOR_AGE,-1.45610000,16.01940000,0.11731000,WHO2007
107.00000000,MALE,HEIGHT_FOR_AGE,1.00000000,132.12690000,0.04527000,WHO2007
107.00000000,FEMALE,HEIGHT_FOR_AGE,1.00000000,131.99120000,0.04610000,WHO2007
107.00000000,MALE,WEIGHT_FOR_AGE,-0.62780000,27.87500000,0.15149000,WHO2007
107.00000000,FEMALE,WEIGHT_FOR_AGE,-0.58190000,27.92080000,0.16719000,WHO2007
107.00000000,MALE,BMI_FOR_AGE,-1.61990000,16.02050000,0.09994000,WHO2007
107.00000000,FEMALE,BMI_FOR_AGE,-1.46070000,16.05750000,0.11774000,WHO2007
108.00000000,MALE,HEIGHT_FOR_AGE,1.00000000,132.56520000,0.04535000,WHO2007
108.00000000,FEMALE,HEIGHT_FOR_AGE,1.00000000,132.49440000,0.04612000,WHO2007
108.00000000,MALE,WEIGHT_FOR_AGE,-0.63370000,28.10920000,0.15233000,WHO2007
108.00000000,FEMALE,WEIGHT_FOR_AGE,-0.58330000,28.20400000,0.16764000,WHO2007
108.00000000,MALE,BMI_FOR_AGE,-1.63180000,16.04900000,0.10038000,WHO2007
108.00000000,FEMALE,BMI_FOR_AGE,-1.46500000,16.09640000,0.11816000,WHO2007
109.00000000,MALE,HEIGHT_FOR_AGE,1.00000000,133.00310000,0.04543000,WHO2007
109.00000000,FEMALE,HEIGHT_FOR_AGE,1.00000000,132.99890000,0.04613000,WHO2007
109.00000000,MALE,WEIGHT_FOR_AGE,-0.63930000,28.34590000,0.15319000,WHO2007
109.00000000,FEMALE,WEIGHT_FOR_AGE,-0.58470000,28.49010000,0.16809000,WHO2007
109.00000000,MALE,BMI_FOR_AGE,-1.64330000,16.07810000,0.10082000,WHO2007
109.00000000,FEMALE,BMI_FOR_AGE,-1.46880000,16.13580000,0.11859000,WHO2007
110.00000000,MALE,HEIGHT_FOR_AGE,1.00000000,133.44040000,0.04551000,WHO2007
110.00000000,FEMALE,HEIGHT_FOR_AGE,1.00000000,133.50460000,0.04614000,WHO2007
110.00000000,MALE,WEIGHT_FOR_AGE,-0.64460000,28.58540000,0.15406000,WHO2007
110.00000000,FEMALE,WEIGHT_FOR_AGE,-0.58590000,28.77910000,0.16854000,WHO2007
110.00000000,MALE,BMI_FOR_AGE,-1.65440000,16.10780000,0.10126000,WHO2007
110.00000000,FEMALE,BMI_FOR_AGE,-1.47230000,16.17590000,0.11901000,WHO2007
111.00000000,MALE,HEIGHT_FOR_AGE,1.00000000,133.87700000,0.04559000,WHO2007
111.00000000,FEMALE,HEIGHT_FOR_AGE,1.00000000,134.01180000,0.04615000,WHO2007
111.00000000,MALE,WEIGHT_FOR_AGE,-0.64960000,28.82770000,0.15493000,WHO2007
111.00000000,FEMALE,WEIGHT_FOR_AGE,-0.58720000,29.07110000,0.16897000,WHO2007
111.00000000,MALE,BMI_FOR_AGE,-1.66510000,16.13810000,0.10170000,WHO2007
111.00000000,FEMALE,BMI_FOR_AGE,-1.47530000,16.21660000,0.11943000,WHO2007
112.00000000,MALE,HEIGHT_FOR_AGE,1.00000000,134.31300000,0.04566000,WHO2007
112.00000000,FEMALE,HEIGHT_FOR_AGE,1.00000000,134.52020000,0.04616000,WHO2007
112.00000000,MALE,WEIGHT_FOR_AGE,-0.65430000,29.07310000,0.15581000,WHO2007
112.00000000,FEMALE,WEIGHT_FOR_AGE,-0.58830000,29.36630000,0.16941000,WHO2007
112.00000000,MALE,BMI_FOR_AGE,-1.67530000,16.16920000,0.10214000,WHO2007
112.00000000,FEMALE,BMI_FOR_AGE,-1.47800000,16.25800000,0.11985000,WHO2007
113.00000000,MALE,HEIGHT_FOR_AGE,1.00000000,134.74830000,0.04574000,WHO2007
113.00000000,FEMALE,HEIGHT_FOR_AGE,1.00000000,135.02990000,0.04616000,WHO2007
113.00000000,MALE,WEIGHT_FOR_AGE,-0.65850000,29.32170000,0.15670000,WHO2007
113.00000000,FEMALE,WEIGHT_FOR_AGE,-0.58950000,29.66460000,0.16983000,WHO2007
113.00000000,MALE,BMI_FOR_AGE,-1.68510000,16.20090000,0.10259000,WHO2007
113.00000000,FEMALE,BMI_FOR_AGE,-1.48030000,16.29990000,0.12026000,WHO2007
114.00000000,MALE,HEIGHT_FOR_AGE,1.00000000,135.18290000,0.04582000,WHO2007
114.00000000,FEMALE,HEIGHT_FOR_AGE,1.00000000,135.54100000,0.04617000,WHO2007
114.00000000,MALE,WEIGHT_FOR_AGE,-0.66240000,29.57360000,0.15760000,WHO2007
114.00000000,FEMALE,WEIGHT_FOR_AGE,-0.59050000,29.96630000,0.17025000,WHO2007
114.00000000,MALE,BMI_FOR_AGE,-1.69440000,16.23330000,0.10303000,WHO2007
114.00000000,FEMALE,BMI_FOR_AGE,-1.48230000,16.34250000,0.12067000,WHO2007
115.00000000,MALE,HEIGHT_FOR_AGE,1.00000000,135.61680000,0.04589000,WHO2007
115.00000000,FEMALE,HEIGHT_FOR_AGE,1.00000000,136.05330000,0.04617000,WHO2007
115.00000000,MALE,WEIGHT_FOR_AGE,-0.66590000,29.82890000,0.15850000,WHO2007
115.00000000,FEMALE,WEIGHT_FOR_AGE,-0.59150000,30.27150000,0.17066000,WHO2007
115.00000000,MALE,BMI_FOR_AGE,-1.70320000,16.26650000,0.10347000,WHO2007
115.00000000,FEMALE,BMI_FOR_AGE,-1.48380000,16.38580000,0.12108000,WHO2007
116.00000000,MALE,HEIGHT_FOR_AGE,1.00000000,136.05010000,0.04597000,WHO2007
116.00000000,FEMALE,HEIGHT_FOR_AGE,1.00000000,136.56700000,0.04616000,WHO2007
116.00000000,MALE,WEIGHT_FOR_AGE,-0.66890000,30.08770000,0.15940000,WHO2007
116.00000000,FEMALE,WEIGHT_FOR_AGE,-0.59250000,30.58050000,0.17107000,WHO2007
116.00000000,MALE,BMI_FOR_AGE,-1.71160000,16.30040000,0.10391000,WHO2007
116.00000000,FEMALE,BMI_FOR_AGE,-1.48500000,16.42980000,0.12148000,WHO2007
117.00000000,MALE,HEIGHT_FOR_AGE,1.00000000,136.48290000,0.04604000,WHO2007
117.00000000,FEMALE,HEIGHT_FOR_AGE,1.00000000,137.08210000,0.04616000,WHO2007
117.00000000,MALE,WEIGHT_FOR_AGE,-0.67140000,30.35010000,0.16031000,WHO2007
117.00000000,FEMALE,WEIGHT_FOR_AGE,-0.59340000,30.89340000,0.17146000,WHO2007
117.00000000,MALE,BMI_FOR_AGE,-1.71960000,16.33510000,0.10435000,WHO2007
117.00000000,FEMALE,BMI_FOR_AGE,-1.48590000,16.47460000,0.12188000,WHO2007
118.00000000,MALE,HEIGHT_FOR_AGE,1.00000000,136.91530000,0.04612000,WHO2007
118.00000000,FEMALE,HEIGHT_FOR_AGE,1.00000000,137.59870000,0.04616000,WHO2007
118.00000000,MALE,WEIGHT_FOR_AGE,-0.67350000,30.61600000,0.16122000,WHO2007
118.00000000,FEMALE,WEIGHT_FOR_AGE,-0.59420000,31.21050000,0.17186000,WHO2007
118.00000000,MALE,BMI_FOR_AGE,-1.72710000,16.37040000,0.10478000,WHO2007
118.00000000,FEMALE,BMI_FOR_AGE,-1.48640000,16.52000000,0.12228000,WHO2007
119.00000000,MALE,HEIGHT_FOR_AGE,1.00000000,137.34740000,0.04619000,WHO2007
119.00000000,FEMALE,HEIGHT_FOR_AGE,1.00000000,138.11670000,0.04615000,WHO2007
119.00000000,MALE,WEIGHT_FOR_AGE,-0.67520000,30.88540000,0.16213000,WHO2007
119.00000000,FEMALE,WEIGHT_FOR_AGE,-0.59500000,31.53190000,0.17224000,WHO2007
119.00000000,MALE,BMI_FOR_AGE,-1.73410000,16.40650000,0.10522000,WHO2007
119.00000000,FEMALE,BMI_FOR_AGE,-1.48660000,16.56630000,0.12268000,WHO2007
120.00000000,MALE,HEIGHT_FOR_AGE,1.00000000,137.77950000,0.04626000,WHO2007
120.00000000,FEMALE,HEIGHT_FOR_AGE,1.00000000,138.63630000,0.04614000,WHO2007
120.00000000,MALE,WEIGHT_FOR_AGE,-0.67640000,31.15860000,0.16305000,WHO2007
120.00000000,FEMALE,WEIGHT_FOR_AGE,-0.59580000,31.85780000,0.17262000,WHO2007
120.00000000,MALE,BMI_FOR_AGE,-1.74070000,16.44330000,0.10566000,WHO2007
120.00000000,FEMALE,BMI_FOR_AGE,-1.48640000,16.61330000,0.12307000,WHO2007
121.00000000,MALE,HEIGHT_FOR_AGE,1.00000000,138.21190000,0.04633000,WHO2007
121.00000000,FEMALE,HEIGHT_FOR_AGE,1.00000000,139.15750000,0.04612000,WHO2007
121.00000000,MALE,BMI_FOR_AGE,-1.74680000,16.48070000,0.10609000,WHO2007
121.00000000,FEMALE,BMI_FOR_AGE,-1.48590000,16.66120000,0.12346000,WHO2007
122.00000000,MALE,HEIGHT_FOR_AGE,1.00000000,138.64520000,0.04640000,WHO2007
122.00000000,FEMALE,HEIGHT_FOR_AGE,1.00000000,139.68030000,0.04611000,WHO2007
122.00000000,MALE,BMI_FOR_AGE,-1.75250000,16.51890000,0.10652000,WHO2007
122.00000000,FEMALE,BMI_FOR_AGE,-1.48510000,16.71000000,0.12384000,WHO2007
123.00000000,MALE,HEIGHT_FOR_AGE,1.00000000,139.07970000,0.04647000,WHO2007
123.00000000,FEMALE,HEIGHT_FOR_AGE,1.00000000,140.20490000,0.04609000,WHO2007
123.00000000,MALE,BMI_FOR_AGE,-1.75780000,16.55780000,0.10695000,WHO2007
123.00000000,FEMALE,BMI_FOR_AGE,-1.48390000,16.75950000,0.12422000,WHO2007
124.00000000,MALE,HEIGHT_FOR_AGE,1.00000000,139.51580000,0.04654000,WHO2007
124.00000000,FEMALE,HEIGHT_FOR_AGE,1.00000000,140.73130000,0.04607000,WHO2007
124.00000000,MALE,BMI_FOR_AGE,-1.76260000,16.59740000,0.10738000,WHO2007
124.00000000,FEMALE,BMI_FOR_AGE,-1.48250000,16.81000000,0.12460000,WHO2007
125.00000000,MALE,HEIGHT_FOR_AGE,1.00000000,139.95400000,0.04661000,WHO2007
125.00000000,FEMALE,HEIGHT_FOR_AGE,1.00000000,141.25940000,0.04605000,WHO2007
125.00000000,MALE,BMI_FOR_AGE,-1.76700000,16.63760000,0.10780000,WHO2007
125.00000000,FEMALE,BMI_FOR_AGE,-1.48070000,16.86140000,0.12497000,WHO2007
126.00000000,MALE,HEIGHT_FOR_AGE,1.00000000,140.39480000,0.04667000,WHO2007
126.00000000,FEMALE,HEIGHT_FOR_AGE,1.00000000,141.78920000,0.04603000,WHO2007
126.00000000,MALE,BMI_FOR_AGE,-1.77100000,16.67860000,0.10823000,WHO2007
126.00000000,FEMALE,BMI_FOR_AGE,-1.47870000,16.91360000,0.12534000,WHO2007
127.00000000,MALE,HEIGHT_FOR_AGE,1.00000000,140.83870000,0.04674000,WHO2007
127.00000000,FEMALE,HEIGHT_FOR_AGE,1.00000000,142.32060000,0.04600000,WHO2007
127.00000000,MALE,BMI_FOR_AGE,-1.77450000,16.72030000,0.10865000,WHO2007
127.00000000,FEMALE,BMI_FOR_AGE,-1.47630000,16.96670000,0.12571000,WHO2007
128.00000000,MALE,HEIGHT_FOR_AGE,1.00000000,141.28590000,0.04680000,WHO2007
128.00000000,FEMALE,HEIGHT_FOR_AGE,1.00000000,142.85340000,0.04597000,WHO2007
128.00000000,MALE,BMI_FOR_AGE,-1.77770000,16.76280000,0.10906000,WHO2007
128.00000000,FEMALE,BMI_FOR_AGE,-1.47370000,17.02080000,0.12607000,WHO2007
129.00000000,MALE,HEIGHT_FOR_AGE,1.00000000,141.73680000,0.04686000,WHO2007
129.00000000,FEMALE,HEIGHT_FOR_AGE,1.00000000,143.38740000,0.04594000,WHO2007
129.00000000,MALE,BMI_FOR_AGE,-1.78040000,16.80590000,0.10948000,WHO2007
129.00000000,FEMALE,BMI_FOR_AGE,-1.47080000,17.07570000,0.12643000,WHO2007
130.00000000,MALE,HEIGHT_FOR_AGE,1.00000000,142.19160000,0.04692000,WHO2007
130.00000000,FEMALE,HEIGHT_FOR_AGE,1.00000000,143.92220000,0.04591000,WHO2007
130.00000000,MALE,BMI_FOR_AGE,-1.78280000,16.84970000,0.10989000,WHO2007
130.00000000,FEMALE,BMI_FOR_AGE,-1.46770000,17.13160000,0.12678000,WHO2007
131.00000000,MALE,HEIGHT_FOR_AGE,1.00000000,142.65010000,0.04698000,WHO2007
131.00000000,FEMALE,HEIGHT_FOR_AGE,1.00000000,144.45750000,0.04588000,WHO2007
131.00000000,MALE,BMI_FOR_AGE,-1.78470000,16.89410000,0.11030000,WHO2007
131.00000000,FEMALE,BMI_FOR_AGE,-1.46420000,17.18830000,0.12713000,WHO2007
132.00000000,MALE,HEIGHT_FOR_AGE,1.00000000,143.11260000,0.04703000,WHO2007
132.00000000,FEMALE,HEIGHT_FOR_AGE,1.00000000,144.99290000,0.04584000,WHO2007
132.00000000,MALE,BMI_FOR_AGE,-1.78620000,16.93920000,0.11070000,WHO2007
132.00000000,FEMALE,BMI_FOR_AGE,-1.46060000,17.24590000,0.12748000,WHO2007
133.00000000,MALE,HEIGHT_FOR_AGE,1.00000000,143.57950000,0.04709000,WHO2007
133.00000000,FEMALE,HEIGHT_FOR_AGE,1.00000000,145.52800000,0.04580000,WHO2007
133.00000000,MALE,BMI_FOR_AGE,-1.78730000,16.98500000,0.11110000,WHO2007
133.00000000,FEMALE,BMI_FOR_AGE,-1.45670000,17.30440000,0.12782000,WHO2007
134.00000000,MALE,HEIGHT_FOR_AGE,1.00000000,144.05110000,0.04714000,WHO2007
134.00000000,FEMALE,HEIGHT_FOR_AGE,1.00000000,146.06220000,0.04576000,WHO2007
134.00000000,MALE,BMI_FOR_AGE,-1.78810000,17.03140000,0.11150000,WHO2007
134.00000000,FEMALE,BMI_FOR_AGE,-1.45260000,17.36370000,0.12816000,WHO2007
135.00000000,MALE,HEIGHT_FOR_AGE,1.00000000,144.52760000,0.04719000,WHO2007
135.00000000,FEMALE,HEIGHT_FOR_AGE,1.00000000,146.59510000,0.04571000,WHO2007
135.00000000,MALE,BMI_FOR_AGE,-1.78840000,17.07840000,0.11189000,WHO2007
135.00000000,FEMALE,BMI_FOR_AGE,-1.44820000,17.42380000,0.12849000,WHO2007
136.00000000,MALE,HEIGHT_FOR_AGE,1.00000000,145.00930000,0.04723000,WHO2007
136.00000000,FEMALE,HEIGHT_FOR_AGE,1.00000000,147.12620000,0.04567000,WHO2007
136.00000000,MALE,BMI_FOR_AGE,-1.78840000,17.12620000,0.11228000,WHO2007
136.00000000,FEMALE,BMI_FOR_AGE,-1.44360000,17.48470000,0.12882000,WHO2007
137.00000000,MALE,HEIGHT_FOR_AGE,1.00000000,145.49640000,0.04728000,WHO2007
137.00000000,FEMALE,HEIGHT_FOR_AGE,1.00000000,147.65480000,0.04562000,WHO2007
137.00000000,MALE,BMI_FOR_AGE,-1.78800000,17.17460000,0.11266000,WHO2007
137.00000000,FEMALE,BMI_FOR_AGE,-1.43890000,17.54640000,0.12914000,WHO2007
138.00000000,MALE,HEIGHT_FOR_AGE,1.00000000,145.98910000,0.04732000,WHO2007
138.00000000,FEMALE,HEIGHT_FOR_AGE,1.00000000,148.18040000,0.04557000,WHO2007
138.00000000,MALE,BMI_FOR_AGE,-1.78730000,17.22360000,0.11304000,WHO2007
138.00000000,FEMALE,BMI_FOR_AGE,-1.43390000,17.60880000,0.12946000,WHO2007
139.00000000,MALE,HEIGHT_FOR_AGE,1.00000000,146.48780000,0.04736000,WHO2007
139.00000000,FEMALE,HEIGHT_FOR_AGE,1.00000000,148.70230000,0.04552000,WHO2007
139.00000000,MALE,BMI_FOR_AGE,-1.78610000,17.27340000,0.11342000,WHO2007
139.00000000,FEMALE,BMI_FOR_AGE,-1.42880000,17.67190000,0.12978000,WHO2007
140.00000000,MALE,HEIGHT_FOR_AGE,1.00000000,146.99270000,0.04740000,WHO2007
140.00000000,FEMALE,HEIGHT_FOR_AGE,1.00000000,149.21970000,0.04546000,WHO2007
140.00000000,MALE,BMI_FOR_AGE,-1.78460000,17.32400000,0.11379000,WHO2007
140.00000000,FEMALE,BMI_FOR_AGE,-1.42350000,17.73570000,0.13009000,WHO2007
141.00000000,MALE,HEIGHT_FOR_AGE,1.00000000,147.50410000,0.04744000,WHO2007
141.00000000,FEMALE,HEIGHT_FOR_AGE,1.00000000,149.73220000,0.04541000,WHO2007
141.00000000,MALE,BMI_FOR_AGE,-1.78280000,17.37520000,0.11415000,WHO2007
141.00000000,FEMALE,BMI_FOR_AGE,-1.41800000,17.80010000,0.13040000,WHO2007
142.00000000,MALE,HEIGHT_FOR_AGE,1.00000000,148.02240000,0.04747000,WHO2007
142.00000000,FEMALE,HEIGHT_FOR_AGE,1.00000000,150.23900000,0.04535000,WHO2007
142.00000000,MALE,BMI_FOR_AGE,-1.78060000,17.42720000,0.11451000,WHO2007
142.00000000,FEMALE,BMI_FOR_AGE,-1.41230000,17.86510000,0.13070000,WHO2007
143.00000000,MALE,HEIGHT_FOR_AGE,1.00000000,148.54780000,0.04750000,WHO2007
143.00000000,FEMALE,HEIGHT_FOR_AGE,1.00000000,150.73940000,0.04529000,WHO2007
143.00000000,MALE,BMI_FOR_AGE,-1.77800000,17.47990000,0.11487000,WHO2007
143.00000000,FEMALE,BMI_FOR_AGE,-1.40650000,17.93060000,0.13099000,WHO2007
144.00000000,MALE,HEIGHT_FOR_AGE,1.00000000,149.08070000,0.04753000,WHO2007
144.00000000,FEMALE,HEIGHT_FOR_AGE,1.00000000,151.23270000,0.04523000,WHO2007
144.00000000,MALE,BMI_FOR_AGE,-1.77510000,17.53340000,0.11522000,WHO2007
144.00000000,FEMALE,BMI_FOR_AGE,-1.40060000,17.99660000,0.13129000,WHO2007
145.00000000,MALE,HEIGHT_FOR_AGE,1.00000000,149.62120000,0.04755000,WHO2007
145.00000000,FEMALE,HEIGHT_FOR_AGE,1.00000000,151.71820000,0.04516000,WHO2007
145.00000000,MALE,BMI_FOR_AGE,-1.77190000,17.58770000,0.11556000,WHO2007
145.00000000,FEMALE,BMI_FOR_AGE,-1.39450000,18.06300000,0.13158000,WHO2007
146.00000000,MALE,HEIGHT_FOR_AGE,1.00000000,150.16940000,0.04758000,WHO2007
146.00000000,FEMALE,HEIGHT_FOR_AGE,1.00000000,152.19510000,0.04510000,WHO2007
146.00000000,MALE,BMI_FOR_AGE,-1.76840000,17.64270000,0.11590000,WHO2007
146.00000000,FEMALE,BMI_FOR_AGE,-1.38830000,18.12970000,0.13186000,WHO2007
147.00000000,MALE,HEIGHT_FOR_AGE,1.00000000,150.72560000,0.04759000,WHO2007
147.00000000,FEMALE,HEIGHT_FOR_AGE,1.00000000,152.66280000,0.04503000,WHO2007
147.00000000,MALE,BMI_FOR_AGE,-1.76450000,17.69850000,0.11623000,WHO2007
147.00000000,FEMALE,BMI_FOR_AGE,-1.38190000,18.19670000,0.13214000,WHO2007
148.00000000,MALE,HEIGHT_FOR_AGE,1.00000000,151.28990000,0.04761000,WHO2007
148.00000000,FEMALE,HEIGHT_FOR_AGE,1.00000000,153.12060000,0.04497000,WHO2007
148.00000000,MALE,BMI_FOR_AGE,-1.76040000,17.75510000,0.11656000,WHO2007
148.00000000,FEMALE,BMI_FOR_AGE,-1.37550000,18.26390000,0.13241000,WHO2007
149.00000000,MALE,HEIGHT_FOR_AGE,1.00000000,151.86230000,0.04762000,WHO2007
149.00000000,FEMALE,HEIGHT_FOR_AGE,1.00000000,153.56780000,0.04490000,WHO2007
149.00000000,MALE,BMI_FOR_AGE,-1.75590000,17.81240000,0.11688000,WHO2007
149.00000000,FEMALE,BMI_FOR_AGE,-1.36890000,18.33120000,0.13268000,WHO2007
150.00000000,MALE,HEIGHT_FOR_AGE,1.00000000,152.44250000,0.04763000,WHO2007
150.00000000,FEMALE,HEIGHT_FOR_AGE,1.00000000,154.00410000,0.04483000,WHO2007
150.00000000,MALE,BMI_FOR_AGE,-1.75110000,17.87040000,0.11720000,WHO2007
150.00000000,FEMALE,BMI_FOR_AGE,-1.36210000,18.39860000,0.13295000,WHO2007
151.00000000,MALE,HEIGHT_FOR_AGE,1.00000000,153.02980000,0.04763000,WHO2007
151.00000000,FEMALE,HEIGHT_FOR_AGE,1.00000000,154.42900000,0.04476000,WHO2007
151.00000000,MALE,BMI_FOR_AGE,-1.74610000,17.92920000,0.11751000,WHO2007
151.00000000,FEMALE,BMI_FOR_AGE,-1.35530000,18.46600000,0.13321000,WHO2007
152.00000000,MALE,HEIGHT_FOR_AGE,1.00000000,153.62340000,0.04764000,WHO2007
152.00000000,FEMALE,HEIGHT_FOR_AGE,1.00000000,154.84230000,0.04468000,WHO2007
152.00000000,MALE,BMI_FOR_AGE,-1.74080000,17.98870000,0.11781000,WHO2007
152.00000000,FEMALE,BMI_FOR_AGE,-1.34830000,18.53330000,0.13347000,WHO2007
153.00000000,MALE,HEIGHT_FOR_AGE,1.00000000,154.22230000,0.04763000,WHO2007
153.00000000,FEMALE,HEIGHT_FOR_AGE,1.00000000,155.24370000,0.04461000,WHO2007
153.00000000,MALE,BMI_FOR_AGE,-1.73520000,18.04880000,0.11811000,WHO2007
153.00000000,FEMALE,BMI_FOR_AGE,-1.34130000,18.60060000,0.13372000,WHO2007
154.00000000,MALE,HEIGHT_FOR_AGE,1.00000000,154.82580000,0.04763000,WHO2007
154.00000000,FEMALE,HEIGHT_FOR_AGE,1.00000000,155.63300000,0.04454000,WHO2007
154.00000000,MALE,BMI_FOR_AGE,-1.72930000,18.10960000,0.11841000,WHO2007
154.00000000,FEMALE,BMI_FOR_AGE,-1.33410000,18.66770000,0.13397000,WHO2007
155.00000000,MALE,HEIGHT_FOR_AGE,1.00000000,155.43290000,0.04762000,WHO2007
155.00000000,FEMALE,HEIGHT_FOR_AGE,1.00000000,156.01010000,0.04446000,WHO2007
155.00000000,MALE,BMI_FOR_AGE,-1.72320000,18.17100000,0.11869000,WHO2007
155.00000000,FEMALE,BMI_FOR_AGE,-1.32690000,18.73460000,0.13421000,WHO2007
156.00000000,MALE,HEIGHT_FOR_AGE,1.00000000,156.04260000,0.04760000,WHO2007
156.00000000,FEMALE,HEIGHT_FOR_AGE,1.00000000,156.37480000,0.04439000,WHO2007
156.00000000,MALE,BMI_FOR_AGE,-1.71680000,18.23300000,0.11898000,WHO2007
156.00000000,FEMALE,BMI_FOR_AGE,-1.31950000,18.80120000,0.13445000,WHO2007
157.00000000,MALE,HEIGHT_FOR_AGE,1.00000000,156.65390000,0.04758000,WHO2007
157.00000000,FEMALE,HEIGHT_FOR_AGE,1.00000000,156.72690000,0.04431000,WHO2007
157.00000000,MALE,BMI_FOR_AGE,-1.71020000,18.29550000,0.11925000,WHO2007
157.00000000,FEMALE,BMI_FOR_AGE,-1.31210000,18.86750000,0.13469000,WHO2007
158.00000000,MALE,HEIGHT_FOR_AGE,1.00000000,157.26600000,0.04756000,WHO2007
158.00000000,FEMALE,HEIGHT_FOR_AGE,1.00000000,157.06660000,0.04423000,WHO2007
158.00000000,MALE,BMI_FOR_AGE,-1.70330000,18.35860000,0.11952000,WHO2007
158.00000000,FEMALE,BMI_FOR_AGE,-1.30460000,18.93350000,0.13492000,WHO2007
159.00000000,MALE,HEIGHT_FOR_AGE,1.00000000,157.87750000,0.04754000,WHO2007
159.00000000,FEMALE,HEIGHT_FOR_AGE,1.00000000,157.39360000,0.04415000,WHO2007
159.00000000,MALE,BMI_FOR_AGE,-1.69620000,18.42210000,0.11979000,WHO2007
159.00000000,FEMALE,BMI_FOR_AGE,-1.29700000,18.99910000,0.13514000,WHO2007
160.00000000,MALE,HEIGHT_FOR_AGE,1.00000000,158.48710000,0.04751000,WHO2007
160.00000000,FEMALE,HEIGHT_FOR_AGE,1.00000000,157.70820000,0.04408000,WHO2007
160.00000000,MALE,BMI_FOR_AGE,-1.68880000,18.48600000,0.12005000,WHO2007
160.00000000,FEMALE,BMI_FOR_AGE,-1.28940000,19.06420000,0.13537000,WHO2007
161.00000000,MALE,HEIGHT_FOR_AGE,1.00000000,159.09370000,0.04747000,WHO2007
161.00000000,FEMALE,HEIGHT_FOR_AGE,1.00000000,158.01020000,0.04400000,WHO2007
161.00000000,MALE,BMI_FOR_AGE,-1.68110000,18.55020000,0.12030000,WHO2007
161.00000000,FEMALE,BMI_FOR_AGE,-1.28160000,19.12890000,0.13559000,WHO2007
162.00000000,MALE,HEIGHT_FOR_AGE,1.00000000,159.69620000,0.04744000,WHO2007
162.00000000,FEMALE,HEIGHT_FOR_AGE,1.00000000,158.29970000,0.04392000,WHO2007
162.00000000,MALE,BMI_FOR_AGE,-1.67320000,18.61480000,0.12055000,WHO2007
162.00000000,FEMALE,BMI_FOR_AGE,-1.27390000,19.19310000,0.13580000,WHO2007
163.00000000,MALE,HEIGHT_FOR_AGE,1.00000000,160.29390000,0.04740000,WHO2007
163.00000000,FEMALE,HEIGHT_FOR_AGE,1.00000000,158.57710000,0.04384000,WHO2007
163.00000000,MALE,BMI_FOR_AGE,-1.66510000,18.67950000,0.12079000,WHO2007
163.00000000,FEMALE,BMI_FOR_AGE,-1.26610000,19.25670000,0.13601000,WHO2007
164.00000000,MALE,HEIGHT_FOR_AGE,1.00000000,160.88610000,0.04735000,WHO2007
164.00000000,FEMALE,HEIGHT_FOR_AGE,1.00000000,158.84250000,0.04376000,WHO2007
164.00000000,MALE,BMI_FOR_AGE,-1.65680000,18.74450000,0.12102000,WHO2007
164.00000000,FEMALE,BMI_FOR_AGE,-1.25830000,19.31970000,0.13622000,WHO2007
165.00000000,MALE,HEIGHT_FOR_AGE,1.00000000,161.47200000,0.04730000,WHO2007
165.00000000,FEMALE,HEIGHT_FOR_AGE,1.00000000,159.09610000,0.04369000,WHO2007
165.00000000,MALE,BMI_FOR_AGE,-1.64820000,18.80950000,0.12125000,WHO2007
165.00000000,FEMALE,BMI_FOR_AGE,-1.25040000,19.38200000,0.13642000,WHO2007
166.00000000,MALE,HEIGHT_FOR_AGE,1.00000000,162.05050000,0.04725000,WHO2007
166.00000000,FEMALE,HEIGHT_FOR_AGE,1.00000000,159.33820000,0.04361000,WHO2007
166.00000000,MALE,BMI_FOR_AGE,-1.63940000,18.87460000,0.12148000,WHO2007
166.00000000,FEMALE,BMI_FOR_AGE,-1.24250000,19.44370000,0.13662000,WHO2007
167.00000000,MALE,HEIGHT_FOR_AGE,1.00000000,162.62070000,0.04720000,WHO2007
167.00000000,FEMALE,HEIGHT_FOR_AGE,1.00000000,159.56910000,0.04353000,WHO2007
167.00000000,MALE,BMI_FOR_AGE,-1.63040000,18.93980000,0.12170000,WHO2007
167.00000000,FEMALE,BMI_FOR_AGE,-1.23450000,19.50450000,0.13681000,WHO2007
168.00000000,MALE,HEIGHT_FOR_AGE,1.00000000,163.18160000,0.04714000,WHO2007
168.00000000,FEMALE,HEIGHT_FOR_AGE,1.00000000,159.78900000,0.04345000,WHO2007
168.00000000,MALE,BMI_FOR_AGE,-1.62110000,19.00500000,0.12191000,WHO2007
168.00000000,FEMALE,BMI_FOR_AGE,-1.22660000,19.56470000,0.13700000,WHO2007
169.00000000,MALE,HEIGHT_FOR_AGE,1.00000000,163.73210000,0.04707000,WHO2007
169.00000000,FEMALE,HEIGHT_FOR_AGE,1.00000000,159.99830000,0.04337000,WHO2007
169.00000000,MALE,BMI_FOR_AGE,-1.61160000,19.07010000,0.12212000,WHO2007
169.00000000,FEMALE,BMI_FOR_AGE,-1.21860000,19.62400000,0.13719000,WHO2007
170.00000000,MALE,HEIGHT_FOR_AGE,1.00000000,164.27170000,0.04701000,WHO2007
170.00000000,FEMALE,HEIGHT_FOR_AGE,1.00000000,160.19710000,0.04330000,WHO2007
170.00000000,MALE,BMI_FOR_AGE,-1.60200000,19.13510000,0.12233000,WHO2007
170.00000000,FEMALE,BMI_FOR_AGE,-1.21070000,19.68240000,0.13738000,WHO2007
171.00000000,MALE,HEIGHT_FOR_AGE,1.00000000,164.79940000,0.04694000,WHO2007
171.00000000,FEMALE,HEIGHT_FOR_AGE,1.00000000,160.38570000,0.04322000,WHO2007
171.00000000,MALE,BMI_FOR_AGE,-1.59210000,19.20000000,0.12253000,WHO2007
171.00000000,FEMALE,BMI_FOR_AGE,-1.20270000,19.74000000,0.13756000,WHO2007
172.00000000,MALE,HEIGHT_FOR_AGE,1.00000000,165.31450000,0.04687000,WHO2007
172.00000000,FEMALE,HEIGHT_FOR_AGE,1.00000000,160.56430000,0.04314000,WHO2007
172.00000000,MALE,BMI_FOR_AGE,-1.58210000,19.26480000,0.12272000,WHO2007
172.00000000,FEMALE,BMI_FOR_AGE,-1.19470000,19.79660000,0.13774000,WHO2007
173.00000000,MALE,HEIGHT_FOR_AGE,1.00000000,165.81650000,0.04679000,WHO2007
173.00000000,FEMALE,HEIGHT_FOR_AGE,1.00000000,160.73320000,0.04307000,WHO2007
173.00000000,MALE,BMI_FOR_AGE,-1.57190000,19.32940000,0.12291000,WHO2007
173.00000000,FEMALE,BMI_FOR_AGE,-1.18670000,19.85230000,0.13791000,WHO2007
174.00000000,MALE,HEIGHT_FOR_AGE,1.00000000,166.30500000,0.04671000,WHO2007
174.00000000,FEMALE,HEIGHT_FOR_AGE,1.00000000,160.89270000,0.04299000,WHO2007
174.00000000,MALE,BMI_FOR_AGE,-1.56150000,19.39370000,0.12310000,WHO2007
174.00000000,FEMALE,BMI_FOR_AGE,-1.17880000,19.90700000,0.13808000,WHO2007
175.00000000,MALE,HEIGHT_FOR_AGE,1.00000000,166.77990000,0.04663000,WHO2007
175.00000000,FEMALE,HEIGHT_FOR_AGE,1.00000000,161.04300000,0.04292000,WHO2007
175.00000000,MALE,BMI_FOR_AGE,-1.55100000,19.45780000,0.12328000,WHO2007
175.00000000,FEMALE,BMI_FOR_AGE,-1.17080000,19.96070000,0.13825000,WHO2007
176.00000000,MALE,HEIGHT_FOR_AGE,1.00000000,167.24150000,0.04655000,WHO2007
176.00000000,FEMALE,HEIGHT_FOR_AGE,1.00000000,161.18450000,0.04284000,WHO2007
176.00000000,MALE,BMI_FOR_AGE,-1.54030000,19.52170000,0.12346000,WHO2007
176.00000000,FEMALE,BMI_FOR_AGE,-1.16290000,20.01330000,0.13841000,WHO2007
177.00000000,MALE,HEIGHT_FOR_AGE,1.00000000,167.68990000,0.04646000,WHO2007
177.00000000,FEMALE,HEIGHT_FOR_AGE,1.00000000,161.31760000,0.04277000,WHO2007
177.00000000,MALE,BMI_FOR_AGE,-1.52940000,19.58530000,0.12363000,WHO2007
177.00000000,FEMALE,BMI_FOR_AGE,-1.15490000,20.06480000,0.13858000,WHO2007
178.00000000,MALE,HEIGHT_FOR_AGE,1.00000000,168.12550000,0.04637000,WHO2007
178.00000000,FEMALE,HEIGHT_FOR_AGE,1.00000000,161.44250000,0.04270000,WHO2007
178.00000000,MALE,BMI_FOR_AGE,-1.51850000,19.64860000,0.12380000,WHO2007
178.00000000,FEMALE,BMI_FOR_AGE,-1.14700000,20.11520000,0.13873000,WHO2007
179.00000000,MALE,HEIGHT_FOR_AGE,1.00000000,168.54820000,0.04628000,WHO2007
179.00000000,FEMALE,HEIGHT_FOR_AGE,1.00000000,161.55960000,0.04263000,WHO2007
179.00000000,MALE,BMI_FOR_AGE,-1.50740000,19.71170000,0.12396000,WHO2007
179.00000000,FEMALE,BMI_FOR_AGE,-1.13900000,20.16440000,0.13889000,WHO2007
180.00000000,MALE,HEIGHT_FOR_AGE,1.00000000,168.95800000,0.04619000,WHO2007
180.00000000,FEMALE,HEIGHT_FOR_AGE,1.00000000,161.66920000,0.04255000,WHO2007
180.00000000,MALE,BMI_FOR_AGE,-1.49610000,19.77440000,0.12412000,WHO2007
180.00000000,FEMALE,BMI_FOR_AGE,-1.13110000,20.21250000,0.13904000,WHO2007
181.00000000,MALE,HEIGHT_FOR_AGE,1.00000000,169.35490000,0.04609000,WHO2007
181.00000000,FEMALE,HEIGHT_FOR_AGE,1.00000000,161.77170000,0.04248000,WHO2007
181.00000000,MALE,BMI_FOR_AGE,-1.48480000,19.83670000,0.12428000,WHO2007
181.00000000,FEMALE,BMI_FOR_AGE,-1.12320000,20.25950000,0.13920000,WHO2007
182.00000000,MALE,HEIGHT_FOR_AGE,1.00000000,169.73890000,0.04599000,WHO2007
182.00000000,FEMALE,HEIGHT_FOR_AGE,1.00000000,161.86730000,0.04241000,WHO2007
182.00000000,MALE,BMI_FOR_AGE,-1.47330000,19.89870000,0.12443000,WHO2007
182.00000000,FEMALE,BMI_FOR_AGE,-1.11530000,20.30530000,0.13934000,WHO2007
183.00000000,MALE,HEIGHT_FOR_AGE,1.00000000,170.10990000,0.04589000,WHO2007
183.00000000,FEMALE,HEIGHT_FOR_AGE,1.00000000,161.95640000,0.04235000,WHO2007
183.00000000,MALE,BMI_FOR_AGE,-1.46170000,19.96030000,0.12458000,WHO2007
183.00000000,FEMALE,BMI_FOR_AGE,-1.10740000,20.34990000,0.13949000,WHO2007
184.00000000,MALE,HEIGHT_FOR_AGE,1.00000000,170.46800000,0.04579000,WHO2007
184.00000000,FEMALE,HEIGHT_FOR_AGE,1.00000000,162.03930000,0.04228000,WHO2007
184.00000000,MALE,BMI_FOR_AGE,-1.45000000,20.02150000,0.12473000,WHO2007
184.00000000,FEMALE,BMI_FOR_AGE,-1.09960000,20.39340000,0.13963000,WHO2007
185.00000000,MALE,HEIGHT_FOR_AGE,1.00000000,170.81360000,0.04569000,WHO2007
185.00000000,FEMALE,HEIGHT_FOR_AGE,1.00000000,162.11640000,0.04221000,WHO2007
185.00000000,MALE,BMI_FOR_AGE,-1.43820000,20.08230000,0.12487000,WHO2007
185.00000000,FEMALE,BMI_FOR_AGE,-1.09170000,20.43570000,0.13977000,WHO2007
186.00000000,MALE,HEIGHT_FOR_AGE,1.00000000,171.14680000,0.04559000,WHO2007
186.00000000,FEMALE,HEIGHT_FOR_AGE,1.00000000,162.18800000,0.04214000,WHO2007
186.00000000,MALE,BMI_FOR_AGE,-1.42630000,20.14270000,0.12501000,WHO2007
186.00000000,FEMALE,BMI_FOR_AGE,-1.08380000,20.47690000,0.13991000,WHO2007
187.00000000,MALE,HEIGHT_FOR_AGE,1.00000000,171.46800000,0.04548000,WHO2007
187.00000000,FEMALE,HEIGHT_FOR_AGE,1.00000000,162.25420000,0.04208000,WHO2007
187.00000000,MALE,BMI_FOR_AGE,-1.41430000,20.20260000,0.12514000,WHO2007
187.00000000,FEMALE,BMI_FOR_AGE,-1.07600000,20.51700000,0.14005000,WHO2007
188.00000000,MALE,HEIGHT_FOR_AGE,1.00000000,171.77730000,0.04538000,WHO2007
188.00000000,FEMALE,HEIGHT_FOR_AGE,1.00000000,162.31540000,0.04201000,WHO2007
188.00000000,MALE,BMI_FOR_AGE,-1.40220000,20.26210000,0.12528000,WHO2007
188.00000000,FEMALE,BMI_FOR_AGE,-1.06810000,20.55600000,0.14018000,WHO2007
189.00000000,MALE,HEIGHT_FOR_AGE,1.00000000,172.07480000,0.04527000,WHO2007
189.00000000,FEMALE,HEIGHT_FOR_AGE,1.00000000,162.37190000,0.04195000,WHO2007
189.00000000,MALE,BMI_FOR_AGE,-1.39000000,20.32110000,0.12541000,WHO2007
189.00000000,FEMALE,BMI_FOR_AGE,-1.06030000,20.59380000,0.14031000,WHO2007
190.00000000,MALE,HEIGHT_FOR_AGE,1.00000000,172.36060000,0.04516000,WHO2007
190.00000000,FEMALE,HEIGHT_FOR_AGE,1.00000000,162.42390000,0.04189000,WHO2007
190.00000000,MALE,BMI_FOR_AGE,-1.37770000,20.37960000,0.12554000,WHO2007
190.00000000,FEMALE,BMI_FOR_AGE,-1.05250000,20.63060000,0.14044000,WHO2007
191.00000000,MALE,HEIGHT_FOR_AGE,1.00000000,172.63450000,0.04506000,WHO2007
191.00000000,FEMALE,HEIGHT_FOR_AGE,1.00000000,162.47170000,0.04182000,WHO2007
191.00000000,MALE,BMI_FOR_AGE,-1.36530000,20.43760000,0.12567000,WHO2007
191.00000000,FEMALE,BMI_FOR_AGE,-1.04470000,20.66630000,0.14057000,WHO2007
192.00000000,MALE,HEIGHT_FOR_AGE,1.00000000,172.89670000,0.04495000,WHO2007
192.00000000,FEMALE,HEIGHT_FOR_AGE,1.00000000,162.51560000,0.04176000,WHO2007
192.00000000,MALE,BMI_FOR_AGE,-1.35290000,20.49510000,0.12579000,WHO2007
192.00000000,FEMALE,BMI_FOR_AGE,-1.03680000,20.70080000,0.14070000,WHO2007
193.00000000,MALE,HEIGHT_FOR_AGE,1.00000000,173.14700000,0.04484000,WHO2007
193.00000000,FEMALE,HEIGHT_FOR_AGE,1.00000000,162.55600000,0.04170000,WHO2007
193.00000000,MALE,BMI_FOR_AGE,-1.34030000,20.55210000,0.12591000,WHO2007
193.00000000,FEMALE,BMI_FOR_AGE,-1.02900000,20.73440000,0.14082000,WHO2007
194.00000000,MALE,HEIGHT_FOR_AGE,1.00000000,173.38560000,0.04473000,WHO2007
194.00000000,FEMALE,HEIGHT_FOR_AGE,1.00000000,162.59330000,0.04164000,WHO2007
194.00000000,MALE,BMI_FOR_AGE,-1.32770000,20.60850000,0.12603000,WHO2007
194.00000000,FEMALE,BMI_FOR_AGE,-1.02120000,20.76680000,0.14094000,WHO2007
195.00000000,MALE,HEIGHT_FOR_AGE,1.00000000,173.61260000,0.04462000,WHO2007
195.00000000,FEMALE,HEIGHT_FOR_AGE,1.00000000,162.62760000,0.04158000,WHO2007
195.00000000,MALE,BMI_FOR_AGE,-1.31490000,20.66440000,0.12615000,WHO2007
195.00000000,FEMALE,BMI_FOR_AGE,-1.01340000,20.79820000,0.14106000,WHO2007
196.00000000,MALE,HEIGHT_FOR_AGE,1.00000000,173.82800000,0.04451000,WHO2007
196.00000000,FEMALE,HEIGHT_FOR_AGE,1.00000000,162.65940000,0.04152000,WHO2007
196.00000000,MALE,BMI_FOR_AGE,-1.30210000,20.71970000,0.12627000,WHO2007
196.00000000,FEMALE,BMI_FOR_AGE,-1.00550000,20.82860000,0.14118000,WHO2007
197.00000000,MALE,HEIGHT_FOR_AGE,1.00000000,174.03210000,0.04440000,WHO2007
197.00000000,FEMALE,HEIGHT_FOR_AGE,1.00000000,162.68900000,0.04147000,WHO2007
197.00000000,MALE,BMI_FOR_AGE,-1.28920000,20.77450000,0.12638000,WHO2007
197.00000000,FEMALE,BMI_FOR_AGE,-0.99770000,20.85800000,0.14130000,WHO2007
198.00000000,MALE,HEIGHT_FOR_AGE,1.00000000,174.22510000,0.04429000,WHO2007
198.00000000,FEMALE,HEIGHT_FOR_AGE,1.00000000,162.71650000,0.04141000,WHO2007
198.00000000,MALE,BMI_FOR_AGE,-1.27620000,20.82870000,0.12650000,WHO2007
198.00000000,FEMALE,BMI_FOR_AGE,-0.98980000,20.88630000,0.14142000,WHO2007
199.00000000,MALE,HEIGHT_FOR_AGE,1.00000000,174.40710000,0.04418000,WHO2007
199.00000000,FEMALE,HEIGHT_FOR_AGE,1.00000000,162.74250000,0.04136000,WHO2007
199.00000000,MALE,BMI_FOR_AGE,-1.26310000,20.88240000,0.12661000,WHO2007
199.00000000,FEMALE,BMI_FOR_AGE,-0.98190000,20.91370000,0.14153000,WHO2007
200.00000000,MALE,HEIGHT_FOR_AGE,1.00000000,174.57840000,0.04407000,WHO2007
200.00000000,FEMALE,HEIGHT_FOR_AGE,1.00000000,162.76700000,0.04130000,WHO2007
200.00000000,MALE,BMI_FOR_AGE,-1.24990000,20.93550000,0.12672000,WHO2007
200.00000000,FEMALE,BMI_FOR_AGE,-0.97400000,20.94010000,0.14164000,WHO2007
201.00000000,MALE,HEIGHT_FOR_AGE,1.00000000,174.73920000,0.04396000,WHO2007
201.00000000,FEMALE,HEIGHT_FOR_AGE,1.00000000,162.79040000,0.04125000,WHO2007
201.00000000,MALE,BMI_FOR_AGE,-1.23660000,20.98810000,0.12683000,WHO2007
201.00000000,FEMALE,BMI_FOR_AGE,-0.96610000,20.96560000,0.14176000,WHO2007
202.00000000,MALE,HEIGHT_FOR_AGE,1.00000000,174.88960000,0.04385000,WHO2007
202.00000000,FEMALE,HEIGHT_FOR_AGE,1.00000000,162.81260000,0.04119000,WHO2007
202.00000000,MALE,BMI_FOR_AGE,-1.22330000,21.04000000,0.12694000,WHO2007
202.00000000,FEMALE,BMI_FOR_AGE,-0.95820000,20.99010000,0.14187000,WHO2007
203.00000000,MALE,HEIGHT_FOR_AGE,1.00000000,175.03010000,0.04375000,WHO2007
203.00000000,FEMALE,HEIGHT_FOR_AGE,1.00000000,162.83400000,0.04114000,WHO2007
203.00000000,MALE,BMI_FOR_AGE,-1.20980000,21.09140000,0.12704000,WHO2007
203.00000000,FEMALE,BMI_FOR_AGE,-0.95030000,21.01380000,0.14198000,WHO2007
204.00000000,MALE,HEIGHT_FOR_AGE,1.00000000,175.16090000,0.04364000,WHO2007
204.00000000,FEMALE,HEIGHT_FOR_AGE,1.00000000,162.85450000,0.04109000,WHO2007
204.00000000,MALE,BMI_FOR_AGE,-1.19620000,21.14230000,0.12715000,WHO2007
204.00000000,FEMALE,BMI_FOR_AGE,-0.94230000,21.03670000,0.14208000,WHO2007
205.00000000,MALE,HEIGHT_FOR_AGE,1.00000000,175.28240000,0.04353000,WHO2007
205.00000000,FEMALE,HEIGHT_FOR_AGE,1.00000000,162.87430000,0.04104000,WHO2007
205.00000000,MALE,BMI_FOR_AGE,-1.18260000,21.19250000,0.12726000,WHO2007
205.00000000,FEMALE,BMI_FOR_AGE,-0.93440000,21.05870000,0.14219000,WHO2007
206.00000000,MALE,HEIGHT_FOR_AGE,1.00000000,175.39510000,0.04343000,WHO2007
206.00000000,FEMALE,HEIGHT_FOR_AGE,1.00000000,162.89350000,0.04099000,WHO2007
206.00000000,MALE,BMI_FOR_AGE,-1.16880000,21.24230000,0.12736000,WHO2007
206.00000000,FEMALE,BMI_FOR_AGE,-0.92640000,21.08010000,0.14230000,WHO2007
207.00000000,MALE,HEIGHT_FOR_AGE,1.00000000,175.49950000,0.04332000,WHO2007
207.00000000,FEMALE,HEIGHT_FOR_AGE,1.00000000,162.91200000,0.04094000,WHO2007
207.00000000,MALE,BMI_FOR_AGE,-1.15500000,21.29140000,0.12746000,WHO2007
207.00000000,FEMALE,BMI_FOR_AGE,-0.91840000,21.10070000,0.14240000,WHO2007
208.00000000,MALE,HEIGHT_FOR_AGE,1.00000000,175.59590000,0.04322000,WHO2007
208.00000000,FEMALE,HEIGHT_FOR_AGE,1.00000000,162.93000000,0.04089000,WHO2007
208.00000000,MALE,BMI_FOR_AGE,-1.14100000,21.34000000,0.12756000,WHO2007
208.00000000,FEMALE,BMI_FOR_AGE,-0.91040000,21.12060000,0.14250000,WHO2007
209.00000000,MALE,HEIGHT_FOR_AGE,1.00000000,175.68500000,0.04311000,WHO2007
209.00000000,FEMALE,HEIGHT_FOR_AGE,1.00000000,162.94760000,0.04084000,WHO2007
209.00000000,MALE,BMI_FOR_AGE,-1.12700000,21.38800000,0.12767000,WHO2007
209.00000000,FEMALE,BMI_FOR_AGE,-0.90240000,21.13990000,0.14261000,WHO2007
210.00000000,MALE,HEIGHT_FOR_AGE,1.00000000,175.76720000,0.04301000,WHO2007
210.00000000,FEMALE,HEIGHT_FOR_AGE,1.00000000,162.96490000,0.04080000,WHO2007
210.00000000,MALE,BMI_FOR_AGE,-1.11290000,21.43540000,0.12777000,WHO2007
210.00000000,FEMALE,BMI_FOR_AGE,-0.89440000,21.15860000,0.14271000,WHO2007
211.00000000,MALE,HEIGHT_FOR_AGE,1.00000000,175.84320000,0.04291000,WHO2007
211.00000000,FEMALE,HEIGHT_FOR_AGE,1.00000000,162.98170000,0.04075000,WHO2007
211.00000000,MALE,BMI_FOR_AGE,-1.09860000,21.48220000,0.12787000,WHO2007
211.00000000,FEMALE,BMI_FOR_AGE,-0.88630000,21.17680000,0.14281000,WHO2007
212.00000000,MALE,HEIGHT_FOR_AGE,1.00000000,175.91330000,0.04281000,WHO2007
212.00000000,FEMALE,HEIGHT_FOR_AGE,1.00000000,162.99830000,0.04071000,WHO2007
212.00000000,MALE,BMI_FOR_AGE,-1.08430000,21.52850000,0.12797000,WHO2007
212.00000000,FEMALE,BMI_FOR_AGE,-0.87830000,21.19440000,0.14291000,WHO2007
213.00000000,MALE,HEIGHT_FOR_AGE,1.00000000,175.97810000,0.04271000,WHO2007
213.00000000,FEMALE,HEIGHT_FOR_AGE,1.00000000,163.01440000,0.04066000,WHO2007
213.00000000,MALE,BMI_FOR_AGE,-1.06990000,21.57420000,0.12807000,WHO2007
213.00000000,FEMALE,BMI_FOR_AGE,-0.87030000,21.21160000,0.14301000,WHO2007
214.00000000,MALE,HEIGHT_FOR_AGE,1.00000000,176.03800000,0.04261000,WHO2007
214.00000000,FEMALE,HEIGHT_FOR_AGE,1.00000000,163.03000000,0.04062000,WHO2007
214.00000000,MALE,BMI_FOR_AGE,-1.05530000,21.61930000,0.12816000,WHO2007
214.00000000,FEMALE,BMI_FOR_AGE,-0.86230000,21.22820000,0.14311000,WHO2007
215.00000000,MALE,HEIGHT_FOR_AGE,1.00000000,176.09350000,0.04251000,WHO2007
215.00000000,FEMALE,HEIGHT_FOR_AGE,1.00000000,163.04510000,0.04058000,WHO2007
215.00000000,MALE,BMI_FOR_AGE,-1.04070000,21.66380000,0.12826000,WHO2007
215.00000000,FEMALE,BMI_FOR_AGE,-0.85420000,21.24440000,0.14320000,WHO2007
216.00000000,MALE,HEIGHT_FOR_AGE,1.00000000,176.14490000,0.04241000,WHO2007
216.00000000,FEMALE,HEIGHT_FOR_AGE,1.00000000,163.05950000,0.04053000,WHO2007
216.00000000,MALE,BMI_FOR_AGE,-1.02600000,21.70770000,0.12836000,WHO2007
216.00000000,FEMALE,BMI_FOR_AGE,-0.84620000,21.26030000,0.14330000,WHO2007
217.00000000,MALE,HEIGHT_FOR_AGE,1.00000000,176.19250000,0.04232000,WHO2007
217.00000000,FEMALE,HEIGHT_FOR_AGE,1.00000000,163.07330000,0.04049000,WHO2007
217.00000000,MALE,BMI_FOR_AGE,-1.01120000,21.75100000,0.12845000,WHO2007
217.00000000,FEMALE,BMI_FOR_AGE,-0.83820000,21.27570000,0.14340000,WHO2007
218.00000000,MALE,HEIGHT_FOR_AGE,1.00000000,176.23680000,0.04222000,WHO2007
218.00000000,FEMALE,HEIGHT_FOR_AGE,1.00000000,163.08620000,0.04045000,WHO2007
218.00000000,MALE,BMI_FOR_AGE,-0.99620000,21.79370000,0.12855000,WHO2007
218.00000000,FEMALE,BMI_FOR_AGE,-0.83010000,21.29080000,0.14349000,WHO2007
219.00000000,MALE,HEIGHT_FOR_AGE,1.00000000,176.27790000,0.04213000,WHO2007
219.00000000,FEMALE,HEIGHT_FOR_AGE,1.00000000,163.09820000,0.04041000,WHO2007
219.00000000,MALE,BMI_FOR_AGE,-0.98120000,21.83580000,0.12864000,WHO2007
219.00000000,FEMALE,BMI_FOR_AGE,-0.82210000,21.30550000,0.14359000,WHO2007
220.00000000,MALE,HEIGHT_FOR_AGE,1.00000000,176.31620000,0.04204000,WHO2007
220.00000000,FEMALE,HEIGHT_FOR_AGE,1.00000000,163.10920000,0.04037000,WHO2007
220.00000000,MALE,BMI_FOR_AGE,-0.96610000,21.87730000,0.12874000,WHO2007
220.00000000,FEMALE,BMI_FOR_AGE,-0.81400000,21.32000000,0.14368000,WHO2007
221.00000000,MALE,HEIGHT_FOR_AGE,1.00000000,176.35180000,0.04195000,WHO2007
221.00000000,FEMALE,HEIGHT_FOR_AGE,1.00000000,163.11920000,0.04034000,WHO2007
221.00000000,MALE,BMI_FOR_AGE,-0.95090000,21.91820000,0.12883000,WHO2007
221.00000000,FEMALE,BMI_FOR_AGE,-0.80600000,21.33410000,0.14377000,WHO2007
222.00000000,MALE,HEIGHT_FOR_AGE,1.00000000,176.38510000,0.04185000,WHO2007
222.00000000,FEMALE,HEIGHT_FOR_AGE,1.00000000,163.12790000,0.04030000,WHO2007
222.00000000,MALE,BMI_FOR_AGE,-0.93560000,21.95850000,0.12893000,WHO2007
222.00000000,FEMALE,BMI_FOR_AGE,-0.79800000,21.34800000,0.14386000,WHO2007
223.00000000,MALE,HEIGHT_FOR_AGE,1.00000000,176.41620000,0.04177000,WHO2007
223.00000000,FEMALE,HEIGHT_FOR_AGE,1.00000000,163.13550000,0.04026000,WHO2007
223.00000000,MALE,BMI_FOR_AGE,-0.92020000,21.99820000,0.12902000,WHO2007
223.00000000,FEMALE,BMI_FOR_AGE,-0.78990000,21.36170000,0.14396000,WHO2007
224.00000000,MALE,HEIGHT_FOR_AGE,1.00000000,176.44530000,0.04168000,WHO2007
224.00000000,FEMALE,HEIGHT_FOR_AGE,1.00000000,163.14180000,0.04023000,WHO2007
224.00000000,MALE,BMI_FOR_AGE,-0.90480000,22.03740000,0.12911000,WHO2007
224.00000000,FEMALE,BMI_FOR_AGE,-0.78190000,21.37520000,0.14405000,WHO2007
225.00000000,MALE,HEIGHT_FOR_AGE,1.00000000,176.47240000,0.04159000,WHO2007
225.00000000,FEMALE,HEIGHT_FOR_AGE,1.00000000,163.14690000,0.04019000,WHO2007
225.00000000,MALE,BMI_FOR_AGE,-0.88920000,22.07600000,0.12920000,WHO2007
225.00000000,FEMALE,BMI_FOR_AGE,-0.77380000,21.38840000,0.14414000,WHO2007
226.00000000,MALE,HEIGHT_FOR_AGE,1.00000000,176.49760000,0.04150000,WHO2007
226.00000000,FEMALE,HEIGHT_FOR_AGE,1.00000000,163.15080000,0.04016000,WHO2007
226.00000000,MALE,BMI_FOR_AGE,-0.87350000,22.11400000,0.12930000,WHO2007
226.00000000,FEMALE,BMI_FOR_AGE,-0.76580000,21.40140000,0.14423000,WHO2007
227.00000000,MALE,HEIGHT_FOR_AGE,1.00000000,176.52110000,0.04142000,WHO2007
227.00000000,FEMALE,HEIGHT_FOR_AGE,1.00000000,163.15340000,0.04012000,WHO2007
227.00000000,MALE,BMI_FOR_AGE,-0.85780000,22.15140000,0.12939000,WHO2007
227.00000000,FEMALE,BMI_FOR_AGE,-0.75770000,21.41430000,0.14432000,WHO2007
228.00000000,MALE,HEIGHT_FOR_AGE,1.00000000,176.54320000,0.04134000,WHO2007
228.00000000,FEMALE,HEIGHT_FOR_AGE,1.00000000,163.15480000,0.04009000,WHO2007
228.00000000,MALE,BMI_FOR_AGE,-0.84190000,22.18830000,0.12948000,WHO2007
228.00000000,FEMALE,BMI_FOR_AGE,-0.74960000,21.42690000,0.14441000,WHO2007
